SalesOrderNumber,SalesOrderLineNumber,SalesTerritoryKey,ResellerKey,PromotionKey,ProductKey,OrderQuantity,UnitPrice,OrderDate
SO49443,1,5,651,1,422,1,67.539,2021-08-28 00:00:00.000
SO49444,1,4,647,1,375,4,1308.9375,2021-08-28 00:00:00.000
SO49444,2,4,647,1,254,1,183.9382,2021-08-28 00:00:00.000
SO49444,3,4,647,1,265,1,202.332,2021-08-28 00:00:00.000
SO49444,4,4,647,1,273,1,202.332,2021-08-28 00:00:00.000
SO49444,5,4,647,1,435,2,324.4527,2021-08-28 00:00:00.000
SO49444,6,4,647,1,454,1,35.994,2021-08-28 00:00:00.000
SO49445,1,4,277,1,343,1,469.794,2021-08-28 00:00:00.000
SO49445,2,4,277,1,327,3,469.794,2021-08-28 00:00:00.000
SO49445,3,4,277,1,323,2,469.794,2021-08-28 00:00:00.000
SO49446,1,2,216,1,325,7,469.794,2021-08-28 00:00:00.000
SO49446,2,2,216,1,323,5,469.794,2021-08-28 00:00:00.000
SO49446,3,2,216,1,329,6,469.794,2021-08-28 00:00:00.000
SO49446,4,2,216,1,327,4,469.794,2021-08-28 00:00:00.000
SO49446,5,2,216,1,333,2,469.794,2021-08-28 00:00:00.000
SO49446,6,2,216,1,343,5,469.794,2021-08-28 00:00:00.000
SO49447,1,3,288,1,460,2,53.994,2021-08-28 00:00:00.000
SO49448,1,3,562,1,470,2,22.794,2021-08-28 00:00:00.000
SO49448,2,3,562,1,360,1,1229.4589,2021-08-28 00:00:00.000
SO49449,1,1,272,1,470,2,22.794,2021-08-28 00:00:00.000
SO49450,1,10,340,1,420,3,141.615,2021-08-28 00:00:00.000
SO49450,2,10,340,1,224,2,5.1865,2021-08-28 00:00:00.000
SO49450,3,10,340,1,356,3,1242.8518,2021-08-28 00:00:00.000
SO49450,4,10,340,1,364,1,647.994,2021-08-28 00:00:00.000
SO49450,5,10,340,1,233,5,28.8404,2021-08-28 00:00:00.000
SO49450,6,10,340,1,367,2,647.994,2021-08-28 00:00:00.000
SO49450,7,10,340,1,469,7,22.794,2021-08-28 00:00:00.000
SO49450,8,10,340,1,399,2,33.7745,2021-08-28 00:00:00.000
SO49450,9,10,340,1,362,2,1229.4589,2021-08-28 00:00:00.000
SO49450,10,10,340,1,352,4,1242.8518,2021-08-28 00:00:00.000
SO49450,11,10,340,1,358,3,1229.4589,2021-08-28 00:00:00.000
SO49450,12,10,340,1,366,5,647.994,2021-08-28 00:00:00.000
SO49450,13,10,340,1,428,3,209.256,2021-08-28 00:00:00.000
SO49450,14,10,340,1,365,6,647.994,2021-08-28 00:00:00.000
SO49450,15,10,340,1,360,6,1229.4589,2021-08-28 00:00:00.000
SO49451,1,6,613,1,360,2,1229.4589,2021-08-28 00:00:00.000
SO49451,2,6,613,1,468,4,22.794,2021-08-28 00:00:00.000
SO49451,3,6,613,1,470,2,22.794,2021-08-28 00:00:00.000
SO49452,1,7,67,1,375,1,1308.9375,2021-08-28 00:00:00.000
SO49453,1,6,551,1,352,1,1242.8518,2021-08-28 00:00:00.000
SO49454,1,6,47,1,468,1,22.794,2021-08-28 00:00:00.000
SO49454,2,6,47,1,358,5,1229.4589,2021-08-28 00:00:00.000
SO49454,3,6,47,1,469,1,22.794,2021-08-28 00:00:00.000
SO49455,1,3,306,1,341,1,469.794,2021-08-28 00:00:00.000
SO49456,1,4,624,1,343,1,469.794,2021-08-28 00:00:00.000
SO49456,2,4,624,1,460,1,53.994,2021-08-28 00:00:00.000
SO49456,3,4,624,1,216,5,20.1865,2021-08-28 00:00:00.000
SO49457,1,4,349,1,399,2,33.7745,2021-08-28 00:00:00.000
SO49458,1,6,30,1,415,1,198.036,2021-08-28 00:00:00.000
SO49459,1,6,406,1,433,2,324.4527,2021-08-28 00:00:00.000
SO49460,1,5,675,1,417,1,324.4527,2021-08-28 00:00:00.000
SO49460,2,5,675,1,368,1,1466.01,2021-08-28 00:00:00.000
SO49460,3,5,675,1,415,2,198.036,2021-08-28 00:00:00.000
SO49461,1,10,322,1,470,6,22.794,2021-08-28 00:00:00.000
SO49461,2,10,322,1,469,1,22.794,2021-08-28 00:00:00.000
SO49461,3,10,322,1,468,1,22.794,2021-08-28 00:00:00.000
SO49462,1,4,609,1,433,2,324.4527,2021-08-28 00:00:00.000
SO49463,1,4,291,1,358,2,1229.4589,2021-08-28 00:00:00.000
SO49463,2,4,291,1,216,4,20.1865,2021-08-28 00:00:00.000
SO49464,1,1,254,1,366,1,647.994,2021-08-28 00:00:00.000
SO49464,2,1,254,1,224,5,5.1865,2021-08-28 00:00:00.000
SO49464,3,1,254,1,393,1,137.694,2021-08-28 00:00:00.000
SO49464,4,1,254,1,397,2,24.2945,2021-08-28 00:00:00.000
SO49464,5,1,254,1,395,4,61.374,2021-08-28 00:00:00.000
SO49464,6,1,254,1,233,10,28.8404,2021-08-28 00:00:00.000
SO49464,7,1,254,1,453,2,35.994,2021-08-28 00:00:00.000
SO49464,8,1,254,1,458,3,44.994,2021-08-28 00:00:00.000
SO49464,9,1,254,1,462,2,14.1289,2021-08-28 00:00:00.000
SO49464,10,1,254,1,221,2,20.1865,2021-08-28 00:00:00.000
SO49464,11,1,254,1,305,3,736.1455,2021-08-28 00:00:00.000
SO49464,12,1,254,1,308,3,744.2727,2021-08-28 00:00:00.000
SO49464,13,1,254,1,410,4,36.447,2021-08-28 00:00:00.000
SO49464,14,1,254,1,420,3,141.615,2021-08-28 00:00:00.000
SO49464,15,1,254,1,230,1,28.8404,2021-08-28 00:00:00.000
SO49464,16,1,254,1,236,2,28.8404,2021-08-28 00:00:00.000
SO49464,17,1,254,1,470,2,22.794,2021-08-28 00:00:00.000
SO49464,18,1,254,1,352,1,1242.8518,2021-08-28 00:00:00.000
SO49464,19,1,254,1,409,1,209.256,2021-08-28 00:00:00.000
SO49464,20,1,254,1,396,3,74.838,2021-08-28 00:00:00.000
SO49464,21,1,254,1,297,3,736.1455,2021-08-28 00:00:00.000
SO49464,22,1,254,1,460,5,53.994,2021-08-28 00:00:00.000
SO49464,23,1,254,1,364,6,647.994,2021-08-28 00:00:00.000
SO49464,24,1,254,1,367,3,647.994,2021-08-28 00:00:00.000
SO49464,25,1,254,1,362,6,1229.4589,2021-08-28 00:00:00.000
SO49464,26,1,254,1,421,1,196.329,2021-08-28 00:00:00.000
SO49464,27,1,254,1,464,2,14.1289,2021-08-28 00:00:00.000
SO49464,28,1,254,1,447,2,15,2021-08-28 00:00:00.000
SO49464,29,1,254,1,216,5,20.1865,2021-08-28 00:00:00.000
SO49464,30,1,254,1,365,1,647.994,2021-08-28 00:00:00.000
SO49464,31,1,254,1,354,1,1242.8518,2021-08-28 00:00:00.000
SO49464,32,1,254,1,399,2,33.7745,2021-08-28 00:00:00.000
SO49464,33,1,254,1,428,5,209.256,2021-08-28 00:00:00.000
SO49464,34,1,254,1,456,5,44.994,2021-08-28 00:00:00.000
SO49464,35,1,254,1,448,4,11.994,2021-08-28 00:00:00.000
SO49464,36,1,254,1,360,3,1229.4589,2021-08-28 00:00:00.000
SO49464,37,1,254,1,445,1,35.994,2021-08-28 00:00:00.000
SO49464,38,1,254,1,459,6,53.994,2021-08-28 00:00:00.000
SO49464,39,1,254,1,213,4,20.1865,2021-08-28 00:00:00.000
SO49464,40,1,254,1,294,3,744.2727,2021-08-28 00:00:00.000
SO49464,41,1,254,1,469,2,22.794,2021-08-28 00:00:00.000
SO49465,1,3,579,1,370,2,1466.01,2021-08-28 00:00:00.000
SO49465,2,3,579,1,371,2,1308.9375,2021-08-28 00:00:00.000
SO49465,3,3,579,1,216,2,20.1865,2021-08-28 00:00:00.000
SO49465,4,3,579,1,224,8,5.1865,2021-08-28 00:00:00.000
SO49465,5,3,579,1,333,1,469.794,2021-08-28 00:00:00.000
SO49465,6,3,579,1,325,3,469.794,2021-08-28 00:00:00.000
SO49465,7,3,579,1,381,5,600.2625,2021-08-28 00:00:00.000
SO49465,8,3,579,1,387,1,600.2625,2021-08-28 00:00:00.000
SO49465,9,3,579,1,221,4,20.1865,2021-08-28 00:00:00.000
SO49465,10,3,579,1,339,1,469.794,2021-08-28 00:00:00.000
SO49465,11,3,579,1,373,1,1308.9375,2021-08-28 00:00:00.000
SO49465,12,3,579,1,458,6,44.994,2021-08-28 00:00:00.000
SO49465,13,3,579,1,368,2,1466.01,2021-08-28 00:00:00.000
SO49465,14,3,579,1,233,1,28.8404,2021-08-28 00:00:00.000
SO49465,15,3,579,1,327,2,469.794,2021-08-28 00:00:00.000
SO49465,16,3,579,1,329,5,469.794,2021-08-28 00:00:00.000
SO49465,17,3,579,1,323,2,469.794,2021-08-28 00:00:00.000
SO49465,18,3,579,1,337,2,469.794,2021-08-28 00:00:00.000
SO49465,19,3,579,1,383,2,600.2625,2021-08-28 00:00:00.000
SO49465,20,3,579,1,379,5,1308.9375,2021-08-28 00:00:00.000
SO49465,21,3,579,1,460,3,53.994,2021-08-28 00:00:00.000
SO49465,22,3,579,1,331,3,469.794,2021-08-28 00:00:00.000
SO49465,23,3,579,1,422,2,67.539,2021-08-28 00:00:00.000
SO49465,24,3,579,1,456,7,44.994,2021-08-28 00:00:00.000
SO49465,25,3,579,1,343,1,469.794,2021-08-28 00:00:00.000
SO49465,26,3,579,1,389,2,600.2625,2021-08-28 00:00:00.000
SO49465,27,3,579,1,335,2,469.794,2021-08-28 00:00:00.000
SO49465,28,3,579,1,369,3,1466.01,2021-08-28 00:00:00.000
SO49465,29,3,579,1,453,3,35.994,2021-08-28 00:00:00.000
SO49465,30,3,579,1,341,5,469.794,2021-08-28 00:00:00.000
SO49465,31,3,579,1,321,1,469.794,2021-08-28 00:00:00.000
SO49466,1,7,571,1,358,4,1229.4589,2021-08-28 00:00:00.000
SO49466,2,7,571,1,468,1,22.794,2021-08-28 00:00:00.000
SO49466,3,7,571,1,360,3,1229.4589,2021-08-28 00:00:00.000
SO49467,1,6,10,1,364,7,647.994,2021-08-28 00:00:00.000
SO49467,2,6,10,1,366,3,647.994,2021-08-28 00:00:00.000
SO49467,3,6,10,1,356,6,1242.8518,2021-08-28 00:00:00.000
SO49467,4,6,10,1,428,1,209.256,2021-08-28 00:00:00.000
SO49467,5,6,10,1,358,1,1229.4589,2021-08-28 00:00:00.000
SO49467,6,6,10,1,362,5,1229.4589,2021-08-28 00:00:00.000
SO49467,7,6,10,1,352,3,1242.8518,2021-08-28 00:00:00.000
SO49467,8,6,10,1,421,1,196.329,2021-08-28 00:00:00.000
SO49467,9,6,10,1,469,6,22.794,2021-08-28 00:00:00.000
SO49467,10,6,10,1,354,2,1242.8518,2021-08-28 00:00:00.000
SO49467,11,6,10,1,399,3,33.7745,2021-08-28 00:00:00.000
SO49467,12,6,10,1,470,5,22.794,2021-08-28 00:00:00.000
SO49467,13,6,10,1,360,6,1229.4589,2021-08-28 00:00:00.000
SO49467,14,6,10,1,365,2,647.994,2021-08-28 00:00:00.000
SO49467,15,6,10,1,367,2,647.994,2021-08-28 00:00:00.000
SO49468,1,6,588,1,366,2,647.994,2021-08-28 00:00:00.000
SO49468,2,6,588,1,356,3,1242.8518,2021-08-28 00:00:00.000
SO49468,3,6,588,1,360,1,1229.4589,2021-08-28 00:00:00.000
SO49468,4,6,588,1,354,4,1242.8518,2021-08-28 00:00:00.000
SO49468,5,6,588,1,428,1,209.256,2021-08-28 00:00:00.000
SO49468,6,6,588,1,365,7,647.994,2021-08-28 00:00:00.000
SO49468,7,6,588,1,470,8,22.794,2021-08-28 00:00:00.000
SO49468,8,6,588,1,358,2,1229.4589,2021-08-28 00:00:00.000
SO49468,9,6,588,1,420,2,141.615,2021-08-28 00:00:00.000
SO49468,10,6,588,1,367,3,647.994,2021-08-28 00:00:00.000
SO49468,11,6,588,1,399,1,33.7745,2021-08-28 00:00:00.000
SO49468,12,6,588,1,362,6,1229.4589,2021-08-28 00:00:00.000
SO49468,13,6,588,1,469,3,22.794,2021-08-28 00:00:00.000
SO49468,14,6,588,1,364,3,647.994,2021-08-28 00:00:00.000
SO49468,15,6,588,1,352,5,1242.8518,2021-08-28 00:00:00.000
SO49469,1,6,701,1,415,1,198.036,2021-08-28 00:00:00.000
SO49469,2,6,701,1,339,1,469.794,2021-08-28 00:00:00.000
SO49470,1,5,225,1,433,1,324.4527,2021-08-28 00:00:00.000
SO49470,2,5,225,1,460,3,53.994,2021-08-28 00:00:00.000
SO49470,3,5,225,1,216,3,20.1865,2021-08-28 00:00:00.000
SO49471,1,10,635,1,362,1,1229.4589,2021-08-28 00:00:00.000
SO49471,2,10,635,1,364,2,647.994,2021-08-28 00:00:00.000
SO49472,1,4,187,1,354,2,1242.8518,2021-08-28 00:00:00.000
SO49472,2,4,187,1,397,2,24.2945,2021-08-28 00:00:00.000
SO49472,3,4,187,1,421,4,196.329,2021-08-28 00:00:00.000
SO49472,4,4,187,1,393,2,137.694,2021-08-28 00:00:00.000
SO49472,5,4,187,1,410,1,36.447,2021-08-28 00:00:00.000
SO49472,6,4,187,1,420,2,141.615,2021-08-28 00:00:00.000
SO49472,7,4,187,1,356,2,1242.8518,2021-08-28 00:00:00.000
SO49472,8,4,187,1,395,4,61.374,2021-08-28 00:00:00.000
SO49472,9,4,187,1,469,1,22.794,2021-08-28 00:00:00.000
SO49472,10,4,187,1,358,1,1229.4589,2021-08-28 00:00:00.000
SO49472,11,4,187,1,360,2,1229.4589,2021-08-28 00:00:00.000
SO49472,12,4,187,1,352,1,1242.8518,2021-08-28 00:00:00.000
SO49472,13,4,187,1,428,3,209.256,2021-08-28 00:00:00.000
SO49472,14,4,187,1,365,4,647.994,2021-08-28 00:00:00.000
SO49473,1,5,90,1,333,5,469.794,2021-08-28 00:00:00.000
SO49473,2,5,90,1,453,5,35.994,2021-08-28 00:00:00.000
SO49473,3,5,90,1,233,3,28.8404,2021-08-28 00:00:00.000
SO49473,4,5,90,1,447,2,15,2021-08-28 00:00:00.000
SO49473,5,5,90,1,221,5,20.1865,2021-08-28 00:00:00.000
SO49473,6,5,90,1,286,1,183.9382,2021-08-28 00:00:00.000
SO49473,7,5,90,1,433,1,324.4527,2021-08-28 00:00:00.000
SO49473,8,5,90,1,216,3,20.1865,2021-08-28 00:00:00.000
SO49473,9,5,90,1,343,7,469.794,2021-08-28 00:00:00.000
SO49473,10,5,90,1,263,1,202.332,2021-08-28 00:00:00.000
SO49473,11,5,90,1,458,8,44.994,2021-08-28 00:00:00.000
SO49473,12,5,90,1,461,3,53.994,2021-08-28 00:00:00.000
SO49473,13,5,90,2,224,12,5.0136,2021-08-28 00:00:00.000
SO49473,14,5,90,1,445,5,35.994,2021-08-28 00:00:00.000
SO49473,15,5,90,1,460,2,53.994,2021-08-28 00:00:00.000
SO49473,16,5,90,1,271,2,202.332,2021-08-28 00:00:00.000
SO49473,17,5,90,1,230,3,28.8404,2021-08-28 00:00:00.000
SO49473,18,5,90,1,448,5,11.994,2021-08-28 00:00:00.000
SO49473,19,5,90,1,213,3,20.1865,2021-08-28 00:00:00.000
SO49473,20,5,90,1,462,4,14.1289,2021-08-28 00:00:00.000
SO49473,21,5,90,1,456,2,44.994,2021-08-28 00:00:00.000
SO49473,22,5,90,1,327,2,469.794,2021-08-28 00:00:00.000
SO49473,23,5,90,1,329,2,469.794,2021-08-28 00:00:00.000
SO49473,24,5,90,1,236,5,28.8404,2021-08-28 00:00:00.000
SO49473,25,5,90,1,325,4,469.794,2021-08-28 00:00:00.000
SO49473,26,5,90,1,323,3,469.794,2021-08-28 00:00:00.000
SO49473,27,5,90,1,459,1,53.994,2021-08-28 00:00:00.000
SO49473,28,5,90,1,464,3,14.1289,2021-08-28 00:00:00.000
SO49474,1,4,489,1,352,1,1242.8518,2021-08-28 00:00:00.000
SO49474,2,4,489,1,360,1,1229.4589,2021-08-28 00:00:00.000
SO49475,1,3,219,1,422,1,67.539,2021-08-28 00:00:00.000
SO49476,1,2,575,1,271,1,202.332,2021-08-28 00:00:00.000
SO49476,2,2,575,1,435,2,324.4527,2021-08-28 00:00:00.000
SO49476,3,2,575,1,373,1,1308.9375,2021-08-28 00:00:00.000
SO49476,4,2,575,1,417,4,324.4527,2021-08-28 00:00:00.000
SO49476,5,2,575,1,368,4,1466.01,2021-08-28 00:00:00.000
SO49476,6,2,575,1,389,3,600.2625,2021-08-28 00:00:00.000
SO49476,7,2,575,1,339,2,469.794,2021-08-28 00:00:00.000
SO49476,8,2,575,1,375,3,1308.9375,2021-08-28 00:00:00.000
SO49476,9,2,575,1,369,1,1466.01,2021-08-28 00:00:00.000
SO49476,10,2,575,1,265,1,202.332,2021-08-28 00:00:00.000
SO49476,11,2,575,1,422,1,67.539,2021-08-28 00:00:00.000
SO49477,1,3,147,1,327,4,469.794,2021-08-28 00:00:00.000
SO49477,2,3,147,1,343,4,469.794,2021-08-28 00:00:00.000
SO49477,3,3,147,1,325,1,469.794,2021-08-28 00:00:00.000
SO49477,4,3,147,1,329,2,469.794,2021-08-28 00:00:00.000
SO49477,5,3,147,1,333,3,469.794,2021-08-28 00:00:00.000
SO49477,6,3,147,1,323,1,469.794,2021-08-28 00:00:00.000
SO49478,1,4,311,1,368,1,1466.01,2021-08-28 00:00:00.000
SO49478,2,4,311,1,254,2,183.9382,2021-08-28 00:00:00.000
SO49479,1,2,72,1,375,9,1308.9375,2021-08-28 00:00:00.000
SO49479,2,2,72,1,216,3,20.1865,2021-08-28 00:00:00.000
SO49479,3,2,72,2,327,12,454.1342,2021-08-28 00:00:00.000
SO49479,4,2,72,1,433,2,324.4527,2021-08-28 00:00:00.000
SO49479,5,2,72,1,417,7,324.4527,2021-08-28 00:00:00.000
SO49479,6,2,72,1,273,2,202.332,2021-08-28 00:00:00.000
SO49479,7,2,72,1,221,3,20.1865,2021-08-28 00:00:00.000
SO49479,8,2,72,1,213,3,20.1865,2021-08-28 00:00:00.000
SO49479,9,2,72,1,373,3,1308.9375,2021-08-28 00:00:00.000
SO49479,10,2,72,1,329,3,469.794,2021-08-28 00:00:00.000
SO49479,11,2,72,1,286,4,183.9382,2021-08-28 00:00:00.000
SO49479,12,2,72,1,236,6,28.8404,2021-08-28 00:00:00.000
SO49479,13,2,72,1,454,4,35.994,2021-08-28 00:00:00.000
SO49479,14,2,72,1,265,1,202.332,2021-08-28 00:00:00.000
SO49479,15,2,72,1,325,7,469.794,2021-08-28 00:00:00.000
SO49479,16,2,72,1,323,8,469.794,2021-08-28 00:00:00.000
SO49479,17,2,72,1,335,6,469.794,2021-08-28 00:00:00.000
SO49479,18,2,72,1,389,8,600.2625,2021-08-28 00:00:00.000
SO49479,19,2,72,1,343,7,469.794,2021-08-28 00:00:00.000
SO49479,20,2,72,1,333,2,469.794,2021-08-28 00:00:00.000
SO49479,21,2,72,1,331,5,469.794,2021-08-28 00:00:00.000
SO49479,22,2,72,1,453,3,35.994,2021-08-28 00:00:00.000
SO49479,23,2,72,1,254,1,183.9382,2021-08-28 00:00:00.000
SO49479,24,2,72,1,458,10,44.994,2021-08-28 00:00:00.000
SO49479,25,2,72,1,383,6,600.2625,2021-08-28 00:00:00.000
SO49479,26,2,72,1,459,5,53.994,2021-08-28 00:00:00.000
SO49479,27,2,72,1,464,2,14.1289,2021-08-28 00:00:00.000
SO49479,28,2,72,1,445,2,35.994,2021-08-28 00:00:00.000
SO49479,29,2,72,1,462,4,14.1289,2021-08-28 00:00:00.000
SO49479,30,2,72,1,461,3,53.994,2021-08-28 00:00:00.000
SO49479,31,2,72,1,460,1,53.994,2021-08-28 00:00:00.000
SO49479,32,2,72,1,271,1,202.332,2021-08-28 00:00:00.000
SO49479,33,2,72,1,447,1,15,2021-08-28 00:00:00.000
SO49479,34,2,72,1,448,5,11.994,2021-08-28 00:00:00.000
SO49479,35,2,72,1,230,3,28.8404,2021-08-28 00:00:00.000
SO49479,36,2,72,1,422,5,67.539,2021-08-28 00:00:00.000
SO49479,37,2,72,1,381,7,600.2625,2021-08-28 00:00:00.000
SO49479,38,2,72,1,368,7,1466.01,2021-08-28 00:00:00.000
SO49479,39,2,72,1,435,2,324.4527,2021-08-28 00:00:00.000
SO49479,40,2,72,1,339,3,469.794,2021-08-28 00:00:00.000
SO49479,41,2,72,1,369,6,1466.01,2021-08-28 00:00:00.000
SO49479,42,2,72,1,233,2,28.8404,2021-08-28 00:00:00.000
SO49479,43,2,72,1,263,5,202.332,2021-08-28 00:00:00.000
SO49479,44,2,72,1,224,5,5.1865,2021-08-28 00:00:00.000
SO49480,1,6,173,1,458,3,44.994,2021-08-28 00:00:00.000
SO49480,2,6,173,1,370,4,1466.01,2021-08-28 00:00:00.000
SO49480,3,6,173,1,387,5,600.2625,2021-08-28 00:00:00.000
SO49480,4,6,173,1,379,2,1308.9375,2021-08-28 00:00:00.000
SO49480,5,6,173,1,325,2,469.794,2021-08-28 00:00:00.000
SO49480,6,6,173,1,323,1,469.794,2021-08-28 00:00:00.000
SO49480,7,6,173,1,373,2,1308.9375,2021-08-28 00:00:00.000
SO49480,8,6,173,1,369,3,1466.01,2021-08-28 00:00:00.000
SO49480,9,6,173,1,327,3,469.794,2021-08-28 00:00:00.000
SO49480,10,6,173,1,389,2,600.2625,2021-08-28 00:00:00.000
SO49480,11,6,173,1,343,5,469.794,2021-08-28 00:00:00.000
SO49480,12,6,173,1,335,1,469.794,2021-08-28 00:00:00.000
SO49480,13,6,173,1,337,2,469.794,2021-08-28 00:00:00.000
SO49480,14,6,173,1,224,5,5.1865,2021-08-28 00:00:00.000
SO49480,15,6,173,1,329,5,469.794,2021-08-28 00:00:00.000
SO49480,16,6,173,1,331,2,469.794,2021-08-28 00:00:00.000
SO49480,17,6,173,1,381,1,600.2625,2021-08-28 00:00:00.000
SO49480,18,6,173,1,456,4,44.994,2021-08-28 00:00:00.000
SO49480,19,6,173,1,333,3,469.794,2021-08-28 00:00:00.000
SO49480,20,6,173,1,233,3,28.8404,2021-08-28 00:00:00.000
SO49480,21,6,173,1,377,3,1308.9375,2021-08-28 00:00:00.000
SO49480,22,6,173,1,339,2,469.794,2021-08-28 00:00:00.000
SO49480,23,6,173,1,375,2,1308.9375,2021-08-28 00:00:00.000
SO49480,24,6,173,1,371,4,1308.9375,2021-08-28 00:00:00.000
SO49480,25,6,173,1,341,2,469.794,2021-08-28 00:00:00.000
SO49481,1,4,133,1,366,3,647.994,2021-08-28 00:00:00.000
SO49481,2,4,133,1,236,5,28.8404,2021-08-28 00:00:00.000
SO49481,3,4,133,1,447,8,15,2021-08-28 00:00:00.000
SO49481,4,4,133,1,365,1,647.994,2021-08-28 00:00:00.000
SO49481,5,4,133,1,305,1,736.1455,2021-08-28 00:00:00.000
SO49481,6,4,133,1,459,5,53.994,2021-08-28 00:00:00.000
SO49481,7,4,133,1,458,9,44.994,2021-08-28 00:00:00.000
SO49481,8,4,133,1,393,3,137.694,2021-08-28 00:00:00.000
SO49481,9,4,133,1,224,5,5.1865,2021-08-28 00:00:00.000
SO49481,10,4,133,1,460,8,53.994,2021-08-28 00:00:00.000
SO49481,11,4,133,1,221,6,20.1865,2021-08-28 00:00:00.000
SO49481,12,4,133,1,428,4,209.256,2021-08-28 00:00:00.000
SO49481,13,4,133,3,456,17,41.2445,2021-08-28 00:00:00.000
SO49481,14,4,133,1,399,1,33.7745,2021-08-28 00:00:00.000
SO49481,15,4,133,1,448,6,11.994,2021-08-28 00:00:00.000
SO49481,16,4,133,1,395,8,61.374,2021-08-28 00:00:00.000
SO49481,17,4,133,1,410,2,36.447,2021-08-28 00:00:00.000
SO49481,18,4,133,1,308,2,744.2727,2021-08-28 00:00:00.000
SO49481,19,4,133,1,352,2,1242.8518,2021-08-28 00:00:00.000
SO49481,20,4,133,1,464,10,14.1289,2021-08-28 00:00:00.000
SO49481,21,4,133,1,470,6,22.794,2021-08-28 00:00:00.000
SO49481,22,4,133,1,358,4,1229.4589,2021-08-28 00:00:00.000
SO49481,23,4,133,1,354,2,1242.8518,2021-08-28 00:00:00.000
SO49481,24,4,133,2,233,12,27.879,2021-08-28 00:00:00.000
SO49481,25,4,133,1,213,6,20.1865,2021-08-28 00:00:00.000
SO49481,26,4,133,1,420,5,141.615,2021-08-28 00:00:00.000
SO49481,27,4,133,1,230,8,28.8404,2021-08-28 00:00:00.000
SO49481,28,4,133,1,427,8,209.256,2021-08-28 00:00:00.000
SO49481,29,4,133,1,356,2,1242.8518,2021-08-28 00:00:00.000
SO49481,30,4,133,1,397,1,24.2945,2021-08-28 00:00:00.000
SO49481,31,4,133,1,421,8,196.329,2021-08-28 00:00:00.000
SO49481,32,4,133,1,469,4,22.794,2021-08-28 00:00:00.000
SO49481,33,4,133,1,297,3,736.1455,2021-08-28 00:00:00.000
SO49481,34,4,133,1,453,8,35.994,2021-08-28 00:00:00.000
SO49481,35,4,133,1,367,5,647.994,2021-08-28 00:00:00.000
SO49481,36,4,133,1,360,2,1229.4589,2021-08-28 00:00:00.000
SO49481,37,4,133,1,294,3,744.2727,2021-08-28 00:00:00.000
SO49481,38,4,133,1,216,5,20.1865,2021-08-28 00:00:00.000
SO49482,1,6,586,1,360,2,1229.4589,2021-08-28 00:00:00.000
SO49482,2,6,586,1,468,1,22.794,2021-08-28 00:00:00.000
SO49482,3,6,586,1,358,2,1229.4589,2021-08-28 00:00:00.000
SO49482,4,6,586,1,470,2,22.794,2021-08-28 00:00:00.000
SO49482,5,6,586,1,469,1,22.794,2021-08-28 00:00:00.000
SO49483,1,4,457,1,360,1,1229.4589,2021-08-28 00:00:00.000
SO49483,2,4,457,1,470,6,22.794,2021-08-28 00:00:00.000
SO49483,3,4,457,1,410,1,36.447,2021-08-28 00:00:00.000
SO49483,4,4,457,1,421,2,196.329,2021-08-28 00:00:00.000
SO49483,5,4,457,1,395,9,61.374,2021-08-28 00:00:00.000
SO49483,6,4,457,1,397,4,24.2945,2021-08-28 00:00:00.000
SO49483,7,4,457,1,427,2,209.256,2021-08-28 00:00:00.000
SO49483,8,4,457,1,297,2,736.1455,2021-08-28 00:00:00.000
SO49483,9,4,457,1,358,1,1229.4589,2021-08-28 00:00:00.000
SO49483,10,4,457,1,420,2,141.615,2021-08-28 00:00:00.000
SO49483,11,4,457,1,399,2,33.7745,2021-08-28 00:00:00.000
SO49483,12,4,457,1,428,1,209.256,2021-08-28 00:00:00.000
SO49484,1,6,118,1,230,3,28.8404,2021-08-28 00:00:00.000
SO49484,2,6,118,1,464,3,14.1289,2021-08-28 00:00:00.000
SO49484,3,6,118,1,420,3,141.615,2021-08-28 00:00:00.000
SO49484,4,6,118,1,352,1,1242.8518,2021-08-28 00:00:00.000
SO49484,5,6,118,1,308,2,744.2727,2021-08-28 00:00:00.000
SO49484,6,6,118,1,233,5,28.8404,2021-08-28 00:00:00.000
SO49484,7,6,118,1,221,6,20.1865,2021-08-28 00:00:00.000
SO49484,8,6,118,1,356,2,1242.8518,2021-08-28 00:00:00.000
SO49484,9,6,118,1,448,6,11.994,2021-08-28 00:00:00.000
SO49484,10,6,118,1,213,2,20.1865,2021-08-28 00:00:00.000
SO49484,11,6,118,1,396,2,74.838,2021-08-28 00:00:00.000
SO49484,12,6,118,1,393,4,137.694,2021-08-28 00:00:00.000
SO49484,13,6,118,1,397,3,24.2945,2021-08-28 00:00:00.000
SO49484,14,6,118,1,459,3,53.994,2021-08-28 00:00:00.000
SO49484,15,6,118,1,427,3,209.256,2021-08-28 00:00:00.000
SO49484,16,6,118,1,354,1,1242.8518,2021-08-28 00:00:00.000
SO49484,17,6,118,1,236,3,28.8404,2021-08-28 00:00:00.000
SO49484,18,6,118,1,453,7,35.994,2021-08-28 00:00:00.000
SO49484,19,6,118,1,469,2,22.794,2021-08-28 00:00:00.000
SO49484,20,6,118,1,458,3,44.994,2021-08-28 00:00:00.000
SO49484,21,6,118,1,395,5,61.374,2021-08-28 00:00:00.000
SO49484,22,6,118,1,447,5,15,2021-08-28 00:00:00.000
SO49484,23,6,118,1,367,1,647.994,2021-08-28 00:00:00.000
SO49484,24,6,118,1,364,1,647.994,2021-08-28 00:00:00.000
SO49484,25,6,118,1,216,3,20.1865,2021-08-28 00:00:00.000
SO49484,26,6,118,1,456,4,44.994,2021-08-28 00:00:00.000
SO49484,27,6,118,1,366,3,647.994,2021-08-28 00:00:00.000
SO49484,28,6,118,1,358,2,1229.4589,2021-08-28 00:00:00.000
SO49484,29,6,118,1,445,3,35.994,2021-08-28 00:00:00.000
SO49484,30,6,118,1,305,1,736.1455,2021-08-28 00:00:00.000
SO49484,31,6,118,1,470,4,22.794,2021-08-28 00:00:00.000
SO49484,32,6,118,1,421,1,196.329,2021-08-28 00:00:00.000
SO49484,33,6,118,1,365,3,647.994,2021-08-28 00:00:00.000
SO49484,34,6,118,1,460,4,53.994,2021-08-28 00:00:00.000
SO49484,35,6,118,1,362,1,1229.4589,2021-08-28 00:00:00.000
SO49484,36,6,118,1,410,1,36.447,2021-08-28 00:00:00.000
SO49484,37,6,118,1,428,1,209.256,2021-08-28 00:00:00.000
SO49484,38,6,118,1,224,5,5.1865,2021-08-28 00:00:00.000
SO49485,1,6,155,1,373,2,1308.9375,2021-08-28 00:00:00.000
SO49485,2,6,155,1,456,3,44.994,2021-08-28 00:00:00.000
SO49485,3,6,155,1,337,2,469.794,2021-08-28 00:00:00.000
SO49485,4,6,155,1,433,2,324.4527,2021-08-28 00:00:00.000
SO49485,5,6,155,1,368,5,1466.01,2021-08-28 00:00:00.000
SO49485,6,6,155,1,371,6,1308.9375,2021-08-28 00:00:00.000
SO49485,7,6,155,1,379,8,1308.9375,2021-08-28 00:00:00.000
SO49485,8,6,155,1,389,5,600.2625,2021-08-28 00:00:00.000
SO49485,9,6,155,1,341,3,469.794,2021-08-28 00:00:00.000
SO49485,10,6,155,1,335,7,469.794,2021-08-28 00:00:00.000
SO49485,11,6,155,1,453,3,35.994,2021-08-28 00:00:00.000
SO49485,12,6,155,1,331,3,469.794,2021-08-28 00:00:00.000
SO49485,13,6,155,1,339,4,469.794,2021-08-28 00:00:00.000
SO49485,14,6,155,1,385,5,600.2625,2021-08-28 00:00:00.000
SO49485,15,6,155,1,387,5,600.2625,2021-08-28 00:00:00.000
SO49485,16,6,155,1,422,4,67.539,2021-08-28 00:00:00.000
SO49485,17,6,155,1,369,2,1466.01,2021-08-28 00:00:00.000
SO49485,18,6,155,1,325,5,469.794,2021-08-28 00:00:00.000
SO49485,19,6,155,1,343,5,469.794,2021-08-28 00:00:00.000
SO49485,20,6,155,1,216,2,20.1865,2021-08-28 00:00:00.000
SO49485,21,6,155,1,377,7,1308.9375,2021-08-28 00:00:00.000
SO49485,22,6,155,1,221,5,20.1865,2021-08-28 00:00:00.000
SO49485,23,6,155,1,224,7,5.1865,2021-08-28 00:00:00.000
SO49485,24,6,155,1,327,1,469.794,2021-08-28 00:00:00.000
SO49485,25,6,155,1,233,7,28.8404,2021-08-28 00:00:00.000
SO49485,26,6,155,1,458,4,44.994,2021-08-28 00:00:00.000
SO49485,27,6,155,1,383,5,600.2625,2021-08-28 00:00:00.000
SO49485,28,6,155,1,333,8,469.794,2021-08-28 00:00:00.000
SO49485,29,6,155,1,321,1,469.794,2021-08-28 00:00:00.000
SO49485,30,6,155,1,381,7,600.2625,2021-08-28 00:00:00.000
SO49485,31,6,155,1,370,3,1466.01,2021-08-28 00:00:00.000
SO49485,32,6,155,1,375,3,1308.9375,2021-08-28 00:00:00.000
SO49485,33,6,155,1,329,3,469.794,2021-08-28 00:00:00.000
SO49486,1,4,649,1,325,2,469.794,2021-08-28 00:00:00.000
SO49486,2,4,649,1,327,4,469.794,2021-08-28 00:00:00.000
SO49486,3,4,649,1,329,1,469.794,2021-08-28 00:00:00.000
SO49486,4,4,649,1,323,1,469.794,2021-08-28 00:00:00.000
SO49486,5,4,649,1,343,1,469.794,2021-08-28 00:00:00.000
SO49487,1,5,652,1,470,2,22.794,2021-08-28 00:00:00.000
SO49487,2,5,652,1,469,3,22.794,2021-08-28 00:00:00.000
SO49487,3,5,652,1,468,1,22.794,2021-08-28 00:00:00.000
SO49487,4,5,652,1,358,1,1229.4589,2021-08-28 00:00:00.000
SO49488,1,7,481,1,333,1,469.794,2021-08-28 00:00:00.000
SO49488,2,7,481,1,335,4,469.794,2021-08-28 00:00:00.000
SO49488,3,7,481,1,265,1,202.332,2021-08-28 00:00:00.000
SO49488,4,7,481,1,433,1,324.4527,2021-08-28 00:00:00.000
SO49488,5,7,481,1,461,2,53.994,2021-08-28 00:00:00.000
SO49488,6,7,481,1,368,1,1466.01,2021-08-28 00:00:00.000
SO49488,7,7,481,1,339,3,469.794,2021-08-28 00:00:00.000
SO49488,8,7,481,1,254,1,183.9382,2021-08-28 00:00:00.000
SO49488,9,7,481,1,373,5,1308.9375,2021-08-28 00:00:00.000
SO49488,10,7,481,1,263,1,202.332,2021-08-28 00:00:00.000
SO49488,11,7,481,1,286,3,183.9382,2021-08-28 00:00:00.000
SO49488,12,7,481,1,435,5,324.4527,2021-08-28 00:00:00.000
SO49488,13,7,481,1,325,3,469.794,2021-08-28 00:00:00.000
SO49488,14,7,481,1,343,8,469.794,2021-08-28 00:00:00.000
SO49488,15,7,481,1,273,3,202.332,2021-08-28 00:00:00.000
SO49488,16,7,481,1,462,1,14.1289,2021-08-28 00:00:00.000
SO49488,17,7,481,1,383,1,600.2625,2021-08-28 00:00:00.000
SO49488,18,7,481,1,369,2,1466.01,2021-08-28 00:00:00.000
SO49488,19,7,481,1,381,2,600.2625,2021-08-28 00:00:00.000
SO49488,20,7,481,1,375,1,1308.9375,2021-08-28 00:00:00.000
SO49488,21,7,481,1,417,2,324.4527,2021-08-28 00:00:00.000
SO49488,22,7,481,1,327,7,469.794,2021-08-28 00:00:00.000
SO49488,23,7,481,1,271,4,202.332,2021-08-28 00:00:00.000
SO49489,1,4,23,1,469,3,22.794,2021-08-28 00:00:00.000
SO49489,2,4,23,3,470,16,20.8945,2021-08-28 00:00:00.000
SO49489,3,4,23,1,360,5,1229.4589,2021-08-28 00:00:00.000
SO49489,4,4,23,1,468,5,22.794,2021-08-28 00:00:00.000
SO49489,5,4,23,1,352,3,1242.8518,2021-08-28 00:00:00.000
SO49489,6,4,23,1,358,1,1229.4589,2021-08-28 00:00:00.000
SO49490,1,4,24,1,333,4,469.794,2021-08-28 00:00:00.000
SO49490,2,4,24,1,323,8,469.794,2021-08-28 00:00:00.000
SO49490,3,4,24,1,369,1,1466.01,2021-08-28 00:00:00.000
SO49490,4,4,24,1,383,5,600.2625,2021-08-28 00:00:00.000
SO49490,5,4,24,1,335,2,469.794,2021-08-28 00:00:00.000
SO49490,6,4,24,1,331,4,469.794,2021-08-28 00:00:00.000
SO49490,7,4,24,1,343,2,469.794,2021-08-28 00:00:00.000
SO49490,8,4,24,1,254,3,183.9382,2021-08-28 00:00:00.000
SO49490,9,4,24,1,329,6,469.794,2021-08-28 00:00:00.000
SO49490,10,4,24,1,263,5,202.332,2021-08-28 00:00:00.000
SO49490,11,4,24,1,224,4,5.1865,2021-08-28 00:00:00.000
SO49490,12,4,24,1,417,2,324.4527,2021-08-28 00:00:00.000
SO49490,13,4,24,1,273,3,202.332,2021-08-28 00:00:00.000
SO49490,14,4,24,1,448,9,11.994,2021-08-28 00:00:00.000
SO49490,15,4,24,1,230,9,28.8404,2021-08-28 00:00:00.000
SO49490,16,4,24,2,458,13,43.4942,2021-08-28 00:00:00.000
SO49490,17,4,24,1,435,3,324.4527,2021-08-28 00:00:00.000
SO49490,18,4,24,1,447,8,15,2021-08-28 00:00:00.000
SO49490,19,4,24,1,445,5,35.994,2021-08-28 00:00:00.000
SO49490,20,4,24,1,461,3,53.994,2021-08-28 00:00:00.000
SO49490,21,4,24,1,460,6,53.994,2021-08-28 00:00:00.000
SO49490,22,4,24,1,265,3,202.332,2021-08-28 00:00:00.000
SO49490,23,4,24,1,236,4,28.8404,2021-08-28 00:00:00.000
SO49490,24,4,24,1,233,4,28.8404,2021-08-28 00:00:00.000
SO49490,25,4,24,1,213,10,20.1865,2021-08-28 00:00:00.000
SO49490,26,4,24,1,462,3,14.1289,2021-08-28 00:00:00.000
SO49490,27,4,24,1,389,7,600.2625,2021-08-28 00:00:00.000
SO49490,28,4,24,1,286,1,183.9382,2021-08-28 00:00:00.000
SO49490,29,4,24,1,271,5,202.332,2021-08-28 00:00:00.000
SO49490,30,4,24,1,373,3,1308.9375,2021-08-28 00:00:00.000
SO49490,31,4,24,2,216,12,19.5136,2021-08-28 00:00:00.000
SO49490,32,4,24,1,453,8,35.994,2021-08-28 00:00:00.000
SO49490,33,4,24,1,325,10,469.794,2021-08-28 00:00:00.000
SO49490,34,4,24,1,456,10,44.994,2021-08-28 00:00:00.000
SO49490,35,4,24,1,221,6,20.1865,2021-08-28 00:00:00.000
SO49490,36,4,24,1,459,7,53.994,2021-08-28 00:00:00.000
SO49490,37,4,24,1,422,1,67.539,2021-08-28 00:00:00.000
SO49490,38,4,24,1,433,3,324.4527,2021-08-28 00:00:00.000
SO49490,39,4,24,1,381,5,600.2625,2021-08-28 00:00:00.000
SO49490,40,4,24,1,464,5,14.1289,2021-08-28 00:00:00.000
SO49490,41,4,24,1,327,3,469.794,2021-08-28 00:00:00.000
SO49491,1,4,417,1,286,1,183.9382,2021-08-28 00:00:00.000
SO49492,1,3,149,1,358,3,1229.4589,2021-08-28 00:00:00.000
SO49492,2,3,149,1,365,1,647.994,2021-08-28 00:00:00.000
SO49492,3,3,149,1,366,6,647.994,2021-08-28 00:00:00.000
SO49492,4,3,149,1,354,4,1242.8518,2021-08-28 00:00:00.000
SO49492,5,3,149,1,367,5,647.994,2021-08-28 00:00:00.000
SO49492,6,3,149,1,362,6,1229.4589,2021-08-28 00:00:00.000
SO49492,7,3,149,1,364,2,647.994,2021-08-28 00:00:00.000
SO49492,8,3,149,1,399,1,33.7745,2021-08-28 00:00:00.000
SO49492,9,3,149,1,470,10,22.794,2021-08-28 00:00:00.000
SO49492,10,3,149,1,421,3,196.329,2021-08-28 00:00:00.000
SO49492,11,3,149,1,352,2,1242.8518,2021-08-28 00:00:00.000
SO49492,12,3,149,1,420,2,141.615,2021-08-28 00:00:00.000
SO49492,13,3,149,1,360,3,1229.4589,2021-08-28 00:00:00.000
SO49492,14,3,149,1,469,6,22.794,2021-08-28 00:00:00.000
SO49493,1,1,692,1,343,2,469.794,2021-08-28 00:00:00.000
SO49493,2,1,692,1,327,3,469.794,2021-08-28 00:00:00.000
SO49493,3,1,692,1,329,1,469.794,2021-08-28 00:00:00.000
SO49493,4,1,692,1,325,3,469.794,2021-08-28 00:00:00.000
SO49494,1,1,644,1,286,1,183.9382,2021-08-28 00:00:00.000
SO49494,2,1,644,1,254,1,183.9382,2021-08-28 00:00:00.000
SO49494,3,1,644,1,325,6,469.794,2021-08-28 00:00:00.000
SO49494,4,1,644,1,417,4,324.4527,2021-08-28 00:00:00.000
SO49494,5,1,644,1,329,7,469.794,2021-08-28 00:00:00.000
SO49494,6,1,644,1,331,1,469.794,2021-08-28 00:00:00.000
SO49494,7,1,644,1,368,2,1466.01,2021-08-28 00:00:00.000
SO49494,8,1,644,1,454,1,35.994,2021-08-28 00:00:00.000
SO49494,9,1,644,1,263,3,202.332,2021-08-28 00:00:00.000
SO49494,10,1,644,1,271,3,202.332,2021-08-28 00:00:00.000
SO49494,11,1,644,1,422,2,67.539,2021-08-28 00:00:00.000
SO49494,12,1,644,1,373,1,1308.9375,2021-08-28 00:00:00.000
SO49494,13,1,644,1,273,1,202.332,2021-08-28 00:00:00.000
SO49494,14,1,644,1,335,1,469.794,2021-08-28 00:00:00.000
SO49494,15,1,644,1,339,1,469.794,2021-08-28 00:00:00.000
SO49494,16,1,644,1,333,5,469.794,2021-08-28 00:00:00.000
SO49494,17,1,644,1,435,1,324.4527,2021-08-28 00:00:00.000
SO49494,18,1,644,1,375,1,1308.9375,2021-08-28 00:00:00.000
SO49495,1,5,585,1,420,5,141.615,2021-08-28 00:00:00.000
SO49495,2,5,585,1,356,3,1242.8518,2021-08-28 00:00:00.000
SO49495,3,5,585,1,367,2,647.994,2021-08-28 00:00:00.000
SO49495,4,5,585,1,352,6,1242.8518,2021-08-28 00:00:00.000
SO49495,5,5,585,1,399,1,33.7745,2021-08-28 00:00:00.000
SO49495,6,5,585,1,362,4,1229.4589,2021-08-28 00:00:00.000
SO49495,7,5,585,1,364,2,647.994,2021-08-28 00:00:00.000
SO49495,8,5,585,1,233,3,28.8404,2021-08-28 00:00:00.000
SO49495,9,5,585,1,366,1,647.994,2021-08-28 00:00:00.000
SO49495,10,5,585,1,360,2,1229.4589,2021-08-28 00:00:00.000
SO49495,11,5,585,3,470,15,20.8945,2021-08-28 00:00:00.000
SO49495,12,5,585,1,428,1,209.256,2021-08-28 00:00:00.000
SO49495,13,5,585,1,460,2,53.994,2021-08-28 00:00:00.000
SO49495,14,5,585,1,458,3,44.994,2021-08-28 00:00:00.000
SO49495,15,5,585,1,224,1,5.1865,2021-08-28 00:00:00.000
SO49495,16,5,585,1,469,3,22.794,2021-08-28 00:00:00.000
SO49495,17,5,585,1,456,8,44.994,2021-08-28 00:00:00.000
SO49495,18,5,585,1,409,2,209.256,2021-08-28 00:00:00.000
SO49496,1,6,461,1,370,2,1466.01,2021-08-28 00:00:00.000
SO49496,2,6,461,1,385,5,600.2625,2021-08-28 00:00:00.000
SO49496,3,6,461,1,335,2,469.794,2021-08-28 00:00:00.000
SO49496,4,6,461,1,343,2,469.794,2021-08-28 00:00:00.000
SO49496,5,6,461,1,381,1,600.2625,2021-08-28 00:00:00.000
SO49496,6,6,461,1,339,2,469.794,2021-08-28 00:00:00.000
SO49496,7,6,461,1,323,4,469.794,2021-08-28 00:00:00.000
SO49496,8,6,461,1,389,1,600.2625,2021-08-28 00:00:00.000
SO49496,9,6,461,1,325,2,469.794,2021-08-28 00:00:00.000
SO49496,10,6,461,1,371,5,1308.9375,2021-08-28 00:00:00.000
SO49496,11,6,461,1,422,3,67.539,2021-08-28 00:00:00.000
SO49496,12,6,461,1,341,3,469.794,2021-08-28 00:00:00.000
SO49496,13,6,461,1,369,2,1466.01,2021-08-28 00:00:00.000
SO49496,14,6,461,1,458,2,44.994,2021-08-28 00:00:00.000
SO49496,15,6,461,1,329,1,469.794,2021-08-28 00:00:00.000
SO49496,16,6,461,1,387,3,600.2625,2021-08-28 00:00:00.000
SO49496,17,6,461,1,331,1,469.794,2021-08-28 00:00:00.000
SO49496,18,6,461,1,373,1,1308.9375,2021-08-28 00:00:00.000
SO49496,19,6,461,1,224,5,5.1865,2021-08-28 00:00:00.000
SO49496,20,6,461,1,456,4,44.994,2021-08-28 00:00:00.000
SO49496,21,6,461,1,337,4,469.794,2021-08-28 00:00:00.000
SO49496,22,6,461,1,327,4,469.794,2021-08-28 00:00:00.000
SO49496,23,6,461,1,321,2,469.794,2021-08-28 00:00:00.000
SO49496,24,6,461,1,368,2,1466.01,2021-08-28 00:00:00.000
SO49496,25,6,461,1,377,1,1308.9375,2021-08-28 00:00:00.000
SO49496,26,6,461,1,375,4,1308.9375,2021-08-28 00:00:00.000
SO49496,27,6,461,1,221,2,20.1865,2021-08-28 00:00:00.000
SO49496,28,6,461,1,233,1,28.8404,2021-08-28 00:00:00.000
SO49496,29,6,461,1,379,1,1308.9375,2021-08-28 00:00:00.000
SO49497,1,1,438,1,333,6,469.794,2021-08-28 00:00:00.000
SO49497,2,1,438,1,343,4,469.794,2021-08-28 00:00:00.000
SO49497,3,1,438,1,323,1,469.794,2021-08-28 00:00:00.000
SO49497,4,1,438,1,327,7,469.794,2021-08-28 00:00:00.000
SO49497,5,1,438,1,325,2,469.794,2021-08-28 00:00:00.000
SO49497,6,1,438,1,329,2,469.794,2021-08-28 00:00:00.000
SO49498,1,4,239,1,459,2,53.994,2021-08-28 00:00:00.000
SO49498,2,4,239,2,233,11,27.879,2021-08-28 00:00:00.000
SO49498,3,4,239,1,381,1,600.2625,2021-08-28 00:00:00.000
SO49498,4,4,239,2,329,14,454.1342,2021-08-28 00:00:00.000
SO49498,5,4,239,1,460,2,53.994,2021-08-28 00:00:00.000
SO49498,6,4,239,1,445,3,35.994,2021-08-28 00:00:00.000
SO49498,7,4,239,1,369,2,1466.01,2021-08-28 00:00:00.000
SO49498,8,4,239,1,224,8,5.1865,2021-08-28 00:00:00.000
SO49498,9,4,239,1,417,3,324.4527,2021-08-28 00:00:00.000
SO49498,10,4,239,1,263,4,202.332,2021-08-28 00:00:00.000
SO49498,11,4,239,1,236,4,28.8404,2021-08-28 00:00:00.000
SO49498,12,4,239,1,333,10,469.794,2021-08-28 00:00:00.000
SO49498,13,4,239,1,221,2,20.1865,2021-08-28 00:00:00.000
SO49498,14,4,239,1,447,3,15,2021-08-28 00:00:00.000
SO49498,15,4,239,1,448,5,11.994,2021-08-28 00:00:00.000
SO49498,16,4,239,1,273,2,202.332,2021-08-28 00:00:00.000
SO49498,17,4,239,1,422,3,67.539,2021-08-28 00:00:00.000
SO49498,18,4,239,1,456,4,44.994,2021-08-28 00:00:00.000
SO49498,19,4,239,1,286,1,183.9382,2021-08-28 00:00:00.000
SO49498,20,4,239,1,389,3,600.2625,2021-08-28 00:00:00.000
SO49498,21,4,239,1,265,1,202.332,2021-08-28 00:00:00.000
SO49498,22,4,239,1,435,4,324.4527,2021-08-28 00:00:00.000
SO49498,23,4,239,1,213,1,20.1865,2021-08-28 00:00:00.000
SO49498,24,4,239,1,458,1,44.994,2021-08-28 00:00:00.000
SO49498,25,4,239,1,343,8,469.794,2021-08-28 00:00:00.000
SO49498,26,4,239,1,327,10,469.794,2021-08-28 00:00:00.000
SO49498,27,4,239,1,433,7,324.4527,2021-08-28 00:00:00.000
SO49498,28,4,239,1,335,5,469.794,2021-08-28 00:00:00.000
SO49498,29,4,239,1,464,4,14.1289,2021-08-28 00:00:00.000
SO49498,30,4,239,1,453,4,35.994,2021-08-28 00:00:00.000
SO49498,31,4,239,1,331,3,469.794,2021-08-28 00:00:00.000
SO49498,32,4,239,1,461,2,53.994,2021-08-28 00:00:00.000
SO49498,33,4,239,1,368,6,1466.01,2021-08-28 00:00:00.000
SO49498,34,4,239,1,339,4,469.794,2021-08-28 00:00:00.000
SO49498,35,4,239,1,383,3,600.2625,2021-08-28 00:00:00.000
SO49498,36,4,239,1,462,3,14.1289,2021-08-28 00:00:00.000
SO49498,37,4,239,1,254,3,183.9382,2021-08-28 00:00:00.000
SO49498,38,4,239,1,216,6,20.1865,2021-08-28 00:00:00.000
SO49498,39,4,239,1,323,1,469.794,2021-08-28 00:00:00.000
SO49498,40,4,239,1,373,1,1308.9375,2021-08-28 00:00:00.000
SO49498,41,4,239,1,230,4,28.8404,2021-08-28 00:00:00.000
SO49498,42,4,239,1,271,2,202.332,2021-08-28 00:00:00.000
SO49498,43,4,239,1,375,4,1308.9375,2021-08-28 00:00:00.000
SO49499,1,3,327,1,224,3,5.1865,2021-08-28 00:00:00.000
SO49499,2,3,327,1,360,4,1229.4589,2021-08-28 00:00:00.000
SO49499,3,3,327,1,356,5,1242.8518,2021-08-28 00:00:00.000
SO49499,4,3,327,1,365,3,647.994,2021-08-28 00:00:00.000
SO49499,5,3,327,1,469,6,22.794,2021-08-28 00:00:00.000
SO49499,6,3,327,1,420,1,141.615,2021-08-28 00:00:00.000
SO49499,7,3,327,1,354,4,1242.8518,2021-08-28 00:00:00.000
SO49499,8,3,327,1,358,6,1229.4589,2021-08-28 00:00:00.000
SO49499,9,3,327,1,409,1,209.256,2021-08-28 00:00:00.000
SO49499,10,3,327,1,233,4,28.8404,2021-08-28 00:00:00.000
SO49499,11,3,327,1,362,3,1229.4589,2021-08-28 00:00:00.000
SO49499,12,3,327,1,367,4,647.994,2021-08-28 00:00:00.000
SO49499,13,3,327,1,456,1,44.994,2021-08-28 00:00:00.000
SO49499,14,3,327,1,428,1,209.256,2021-08-28 00:00:00.000
SO49499,15,3,327,1,458,3,44.994,2021-08-28 00:00:00.000
SO49500,1,1,37,1,321,1,469.794,2021-08-28 00:00:00.000
SO49500,2,1,37,1,422,1,67.539,2021-08-28 00:00:00.000
SO49501,1,6,678,1,221,6,20.1865,2021-08-28 00:00:00.000
SO49501,2,6,678,1,354,4,1242.8518,2021-08-28 00:00:00.000
SO49501,3,6,678,1,216,1,20.1865,2021-08-28 00:00:00.000
SO49501,4,6,678,1,356,7,1242.8518,2021-08-28 00:00:00.000
SO49501,5,6,678,1,421,4,196.329,2021-08-28 00:00:00.000
SO49501,6,6,678,1,367,1,647.994,2021-08-28 00:00:00.000
SO49501,7,6,678,1,360,2,1229.4589,2021-08-28 00:00:00.000
SO49501,8,6,678,1,409,1,209.256,2021-08-28 00:00:00.000
SO49501,9,6,678,1,396,2,74.838,2021-08-28 00:00:00.000
SO49501,10,6,678,1,230,3,28.8404,2021-08-28 00:00:00.000
SO49501,11,6,678,1,308,4,744.2727,2021-08-28 00:00:00.000
SO49501,12,6,678,1,399,7,33.7745,2021-08-28 00:00:00.000
SO49501,13,6,678,1,460,2,53.994,2021-08-28 00:00:00.000
SO49501,14,6,678,1,464,4,14.1289,2021-08-28 00:00:00.000
SO49501,15,6,678,1,469,5,22.794,2021-08-28 00:00:00.000
SO49501,16,6,678,2,470,14,22.0342,2021-08-28 00:00:00.000
SO49501,17,6,678,1,410,3,36.447,2021-08-28 00:00:00.000
SO49501,18,6,678,1,236,6,28.8404,2021-08-28 00:00:00.000
SO49501,19,6,678,1,428,2,209.256,2021-08-28 00:00:00.000
SO49501,20,6,678,1,427,1,209.256,2021-08-28 00:00:00.000
SO49501,21,6,678,1,365,3,647.994,2021-08-28 00:00:00.000
SO49501,22,6,678,1,233,5,28.8404,2021-08-28 00:00:00.000
SO49501,23,6,678,1,358,2,1229.4589,2021-08-28 00:00:00.000
SO49501,24,6,678,1,453,4,35.994,2021-08-28 00:00:00.000
SO49501,25,6,678,1,294,3,744.2727,2021-08-28 00:00:00.000
SO49501,26,6,678,1,362,3,1229.4589,2021-08-28 00:00:00.000
SO49501,27,6,678,1,395,9,61.374,2021-08-28 00:00:00.000
SO49501,28,6,678,1,448,3,11.994,2021-08-28 00:00:00.000
SO49501,29,6,678,1,445,3,35.994,2021-08-28 00:00:00.000
SO49501,30,6,678,1,352,3,1242.8518,2021-08-28 00:00:00.000
SO49501,31,6,678,1,458,4,44.994,2021-08-28 00:00:00.000
SO49501,32,6,678,1,456,4,44.994,2021-08-28 00:00:00.000
SO49501,33,6,678,1,420,4,141.615,2021-08-28 00:00:00.000
SO49501,34,6,678,1,393,5,137.694,2021-08-28 00:00:00.000
SO49501,35,6,678,1,297,3,736.1455,2021-08-28 00:00:00.000
SO49501,36,6,678,1,447,2,15,2021-08-28 00:00:00.000
SO49501,37,6,678,1,366,2,647.994,2021-08-28 00:00:00.000
SO49501,38,6,678,1,459,1,53.994,2021-08-28 00:00:00.000
SO49501,39,6,678,1,305,1,736.1455,2021-08-28 00:00:00.000
SO49501,40,6,678,1,224,5,5.1865,2021-08-28 00:00:00.000
SO49501,41,6,678,1,397,3,24.2945,2021-08-28 00:00:00.000
SO49501,42,6,678,1,364,5,647.994,2021-08-28 00:00:00.000
SO49501,43,6,678,1,213,5,20.1865,2021-08-28 00:00:00.000
SO49502,1,3,418,1,383,3,600.2625,2021-08-28 00:00:00.000
SO49502,2,3,418,1,373,1,1308.9375,2021-08-28 00:00:00.000
SO49502,3,3,418,1,333,1,469.794,2021-08-28 00:00:00.000
SO49502,4,3,418,1,385,4,600.2625,2021-08-28 00:00:00.000
SO49502,5,3,418,1,389,1,600.2625,2021-08-28 00:00:00.000
SO49502,6,3,418,1,323,3,469.794,2021-08-28 00:00:00.000
SO49502,7,3,418,1,221,5,20.1865,2021-08-28 00:00:00.000
SO49502,8,3,418,1,224,2,5.1865,2021-08-28 00:00:00.000
SO49502,9,3,418,1,368,1,1466.01,2021-08-28 00:00:00.000
SO49502,10,3,418,1,321,1,469.794,2021-08-28 00:00:00.000
SO49502,11,3,418,1,458,5,44.994,2021-08-28 00:00:00.000
SO49502,12,3,418,1,375,2,1308.9375,2021-08-28 00:00:00.000
SO49502,13,3,418,1,233,1,28.8404,2021-08-28 00:00:00.000
SO49502,14,3,418,1,377,4,1308.9375,2021-08-28 00:00:00.000
SO49502,15,3,418,1,456,3,44.994,2021-08-28 00:00:00.000
SO49502,16,3,418,1,379,2,1308.9375,2021-08-28 00:00:00.000
SO49502,17,3,418,1,341,1,469.794,2021-08-28 00:00:00.000
SO49502,18,3,418,1,370,5,1466.01,2021-08-28 00:00:00.000
SO49502,19,3,418,1,325,2,469.794,2021-08-28 00:00:00.000
SO49502,20,3,418,1,343,2,469.794,2021-08-28 00:00:00.000
SO49502,21,3,418,1,387,4,600.2625,2021-08-28 00:00:00.000
SO49502,22,3,418,1,371,3,1308.9375,2021-08-28 00:00:00.000
SO49502,23,3,418,1,331,3,469.794,2021-08-28 00:00:00.000
SO49502,24,3,418,1,327,5,469.794,2021-08-28 00:00:00.000
SO49502,25,3,418,1,329,2,469.794,2021-08-28 00:00:00.000
SO49503,1,1,293,1,420,1,141.615,2021-08-28 00:00:00.000
SO49503,2,1,293,1,393,1,137.694,2021-08-28 00:00:00.000
SO49503,3,1,293,1,213,1,20.1865,2021-08-28 00:00:00.000
SO49503,4,1,293,1,469,3,22.794,2021-08-28 00:00:00.000
SO49503,5,1,293,1,428,1,209.256,2021-08-28 00:00:00.000
SO49503,6,1,293,1,308,1,744.2727,2021-08-28 00:00:00.000
SO49503,7,1,293,1,470,2,22.794,2021-08-28 00:00:00.000
SO49503,8,1,293,1,399,2,33.7745,2021-08-28 00:00:00.000
SO49503,9,1,293,1,410,2,36.447,2021-08-28 00:00:00.000
SO49503,10,1,293,1,297,2,736.1455,2021-08-28 00:00:00.000
SO49503,11,1,293,1,421,2,196.329,2021-08-28 00:00:00.000
SO49504,1,7,499,1,286,4,183.9382,2021-08-28 00:00:00.000
SO49504,2,7,499,1,323,2,469.794,2021-08-28 00:00:00.000
SO49504,3,7,499,1,331,5,469.794,2021-08-28 00:00:00.000
SO49504,4,7,499,1,389,2,600.2625,2021-08-28 00:00:00.000
SO49504,5,7,499,1,422,1,67.539,2021-08-28 00:00:00.000
SO49504,6,7,499,1,433,1,324.4527,2021-08-28 00:00:00.000
SO49504,7,7,499,1,368,3,1466.01,2021-08-28 00:00:00.000
SO49504,8,7,499,1,373,3,1308.9375,2021-08-28 00:00:00.000
SO49504,9,7,499,1,381,2,600.2625,2021-08-28 00:00:00.000
SO49504,10,7,499,1,333,2,469.794,2021-08-28 00:00:00.000
SO49504,11,7,499,1,327,3,469.794,2021-08-28 00:00:00.000
SO49504,12,7,499,1,335,2,469.794,2021-08-28 00:00:00.000
SO49504,13,7,499,1,458,2,44.994,2021-08-28 00:00:00.000
SO49504,14,7,499,1,325,2,469.794,2021-08-28 00:00:00.000
SO49504,15,7,499,1,263,1,202.332,2021-08-28 00:00:00.000
SO49505,1,7,121,1,469,1,22.794,2021-08-28 00:00:00.000
SO49506,1,4,473,1,422,3,67.539,2021-08-28 00:00:00.000
SO49506,2,4,473,1,381,1,600.2625,2021-08-28 00:00:00.000
SO49506,3,4,473,1,216,1,20.1865,2021-08-28 00:00:00.000
SO49507,1,6,497,1,365,4,647.994,2021-08-28 00:00:00.000
SO49507,2,6,497,1,362,4,1229.4589,2021-08-28 00:00:00.000
SO49507,3,6,497,1,469,6,22.794,2021-08-28 00:00:00.000
SO49507,4,6,497,1,233,4,28.8404,2021-08-28 00:00:00.000
SO49507,5,6,497,1,352,5,1242.8518,2021-08-28 00:00:00.000
SO49507,6,6,497,1,420,1,141.615,2021-08-28 00:00:00.000
SO49507,7,6,497,1,224,9,5.1865,2021-08-28 00:00:00.000
SO49507,8,6,497,1,456,5,44.994,2021-08-28 00:00:00.000
SO49507,9,6,497,1,358,3,1229.4589,2021-08-28 00:00:00.000
SO49507,10,6,497,1,366,5,647.994,2021-08-28 00:00:00.000
SO49507,11,6,497,1,360,1,1229.4589,2021-08-28 00:00:00.000
SO49507,12,6,497,1,354,2,1242.8518,2021-08-28 00:00:00.000
SO49507,13,6,497,1,458,1,44.994,2021-08-28 00:00:00.000
SO49507,14,6,497,1,367,2,647.994,2021-08-28 00:00:00.000
SO49507,15,6,497,1,409,1,209.256,2021-08-28 00:00:00.000
SO49507,16,6,497,1,421,2,196.329,2021-08-28 00:00:00.000
SO49508,1,6,300,1,422,1,67.539,2021-08-28 00:00:00.000
SO49508,2,6,300,1,377,1,1308.9375,2021-08-28 00:00:00.000
SO49509,1,5,170,1,379,4,1308.9375,2021-08-28 00:00:00.000
SO49509,2,5,170,1,216,2,20.1865,2021-08-28 00:00:00.000
SO49509,3,5,170,1,387,2,600.2625,2021-08-28 00:00:00.000
SO49509,4,5,170,1,331,5,469.794,2021-08-28 00:00:00.000
SO49509,5,5,170,1,343,3,469.794,2021-08-28 00:00:00.000
SO49509,6,5,170,1,377,3,1308.9375,2021-08-28 00:00:00.000
SO49509,7,5,170,1,368,4,1466.01,2021-08-28 00:00:00.000
SO49509,8,5,170,1,341,2,469.794,2021-08-28 00:00:00.000
SO49509,9,5,170,1,224,1,5.1865,2021-08-28 00:00:00.000
SO49509,10,5,170,1,370,8,1466.01,2021-08-28 00:00:00.000
SO49509,11,5,170,1,325,1,469.794,2021-08-28 00:00:00.000
SO49509,12,5,170,1,371,4,1308.9375,2021-08-28 00:00:00.000
SO49509,13,5,170,1,335,8,469.794,2021-08-28 00:00:00.000
SO49509,14,5,170,1,327,2,469.794,2021-08-28 00:00:00.000
SO49509,15,5,170,1,323,3,469.794,2021-08-28 00:00:00.000
SO49509,16,5,170,1,373,5,1308.9375,2021-08-28 00:00:00.000
SO49509,17,5,170,1,383,8,600.2625,2021-08-28 00:00:00.000
SO49509,18,5,170,1,385,4,600.2625,2021-08-28 00:00:00.000
SO49509,19,5,170,1,337,5,469.794,2021-08-28 00:00:00.000
SO49509,20,5,170,1,333,7,469.794,2021-08-28 00:00:00.000
SO49509,21,5,170,1,221,1,20.1865,2021-08-28 00:00:00.000
SO49509,22,5,170,1,329,2,469.794,2021-08-28 00:00:00.000
SO49509,23,5,170,1,375,2,1308.9375,2021-08-28 00:00:00.000
SO49509,24,5,170,1,369,7,1466.01,2021-08-28 00:00:00.000
SO49509,25,5,170,1,339,5,469.794,2021-08-28 00:00:00.000
SO49509,26,5,170,1,321,6,469.794,2021-08-28 00:00:00.000
SO49509,27,5,170,1,381,5,600.2625,2021-08-28 00:00:00.000
SO49509,28,5,170,1,389,5,600.2625,2021-08-28 00:00:00.000
SO49509,29,5,170,1,433,2,324.4527,2021-08-28 00:00:00.000
SO49509,30,5,170,1,422,3,67.539,2021-08-28 00:00:00.000
SO49510,1,10,16,1,369,1,1466.01,2021-08-28 00:00:00.000
SO49510,2,10,16,1,337,2,469.794,2021-08-28 00:00:00.000
SO49510,3,10,16,1,329,2,469.794,2021-08-28 00:00:00.000
SO49510,4,10,16,1,370,2,1466.01,2021-08-28 00:00:00.000
SO49510,5,10,16,1,233,3,28.8404,2021-08-28 00:00:00.000
SO49510,6,10,16,1,335,1,469.794,2021-08-28 00:00:00.000
SO49510,7,10,16,1,383,1,600.2625,2021-08-28 00:00:00.000
SO49510,8,10,16,1,375,2,1308.9375,2021-08-28 00:00:00.000
SO49510,9,10,16,1,343,4,469.794,2021-08-28 00:00:00.000
SO49510,10,10,16,1,381,1,600.2625,2021-08-28 00:00:00.000
SO49510,11,10,16,1,368,3,1466.01,2021-08-28 00:00:00.000
SO49510,12,10,16,1,327,4,469.794,2021-08-28 00:00:00.000
SO49510,13,10,16,1,389,1,600.2625,2021-08-28 00:00:00.000
SO49510,14,10,16,1,458,4,44.994,2021-08-28 00:00:00.000
SO49510,15,10,16,1,373,2,1308.9375,2021-08-28 00:00:00.000
SO49510,16,10,16,1,333,1,469.794,2021-08-28 00:00:00.000
SO49510,17,10,16,1,422,4,67.539,2021-08-28 00:00:00.000
SO49510,18,10,16,1,331,1,469.794,2021-08-28 00:00:00.000
SO49510,19,10,16,1,341,4,469.794,2021-08-28 00:00:00.000
SO49510,20,10,16,1,385,4,600.2625,2021-08-28 00:00:00.000
SO49510,21,10,16,1,325,4,469.794,2021-08-28 00:00:00.000
SO49510,22,10,16,1,323,5,469.794,2021-08-28 00:00:00.000
SO49510,23,10,16,1,387,1,600.2625,2021-08-28 00:00:00.000
SO49510,24,10,16,1,377,2,1308.9375,2021-08-28 00:00:00.000
SO49510,25,10,16,1,339,3,469.794,2021-08-28 00:00:00.000
SO49510,26,10,16,1,379,5,1308.9375,2021-08-28 00:00:00.000
SO49510,27,10,16,1,456,1,44.994,2021-08-28 00:00:00.000
SO49510,28,10,16,1,224,3,5.1865,2021-08-28 00:00:00.000
SO49510,29,10,16,1,371,3,1308.9375,2021-08-28 00:00:00.000
SO49511,1,6,156,1,333,2,469.794,2021-08-28 00:00:00.000
SO49511,2,6,156,1,329,1,469.794,2021-08-28 00:00:00.000
SO49511,3,6,156,1,343,1,469.794,2021-08-28 00:00:00.000
SO49511,4,6,156,1,323,1,469.794,2021-08-28 00:00:00.000
SO49512,1,3,197,1,469,3,22.794,2021-08-28 00:00:00.000
SO49512,2,3,197,1,458,6,44.994,2021-08-28 00:00:00.000
SO49512,3,3,197,1,356,2,1242.8518,2021-08-28 00:00:00.000
SO49512,4,3,197,1,366,3,647.994,2021-08-28 00:00:00.000
SO49512,5,3,197,1,365,1,647.994,2021-08-28 00:00:00.000
SO49512,6,3,197,1,224,5,5.1865,2021-08-28 00:00:00.000
SO49512,7,3,197,1,233,4,28.8404,2021-08-28 00:00:00.000
SO49512,8,3,197,1,428,2,209.256,2021-08-28 00:00:00.000
SO49512,9,3,197,1,354,3,1242.8518,2021-08-28 00:00:00.000
SO49512,10,3,197,1,362,2,1229.4589,2021-08-28 00:00:00.000
SO49512,11,3,197,1,421,2,196.329,2021-08-28 00:00:00.000
SO49512,12,3,197,1,364,3,647.994,2021-08-28 00:00:00.000
SO49512,13,3,197,1,358,2,1229.4589,2021-08-28 00:00:00.000
SO49512,14,3,197,1,456,2,44.994,2021-08-28 00:00:00.000
SO49512,15,3,197,1,420,2,141.615,2021-08-28 00:00:00.000
SO49512,16,3,197,1,367,3,647.994,2021-08-28 00:00:00.000
SO49512,17,3,197,1,399,1,33.7745,2021-08-28 00:00:00.000
SO49513,1,6,685,1,358,3,1229.4589,2021-08-28 00:00:00.000
SO49513,2,6,685,1,399,1,33.7745,2021-08-28 00:00:00.000
SO49513,3,6,685,1,354,4,1242.8518,2021-08-28 00:00:00.000
SO49513,4,6,685,1,352,2,1242.8518,2021-08-28 00:00:00.000
SO49513,5,6,685,1,360,2,1229.4589,2021-08-28 00:00:00.000
SO49513,6,6,685,1,366,2,647.994,2021-08-28 00:00:00.000
SO49513,7,6,685,1,428,5,209.256,2021-08-28 00:00:00.000
SO49513,8,6,685,1,421,1,196.329,2021-08-28 00:00:00.000
SO49513,9,6,685,2,470,14,22.0342,2021-08-28 00:00:00.000
SO49513,10,6,685,1,420,3,141.615,2021-08-28 00:00:00.000
SO49513,11,6,685,1,469,3,22.794,2021-08-28 00:00:00.000
SO49513,12,6,685,1,364,2,647.994,2021-08-28 00:00:00.000
SO49513,13,6,685,1,356,6,1242.8518,2021-08-28 00:00:00.000
SO49514,1,3,472,1,469,1,22.794,2021-08-28 00:00:00.000
SO49515,1,4,490,1,305,2,736.1455,2021-08-28 00:00:00.000
SO49515,2,4,490,1,421,2,196.329,2021-08-28 00:00:00.000
SO49515,3,4,490,1,354,3,1242.8518,2021-08-28 00:00:00.000
SO49515,4,4,490,1,395,3,61.374,2021-08-28 00:00:00.000
SO49515,5,4,490,1,294,4,744.2727,2021-08-28 00:00:00.000
SO49515,6,4,490,1,366,4,647.994,2021-08-28 00:00:00.000
SO49515,7,4,490,1,427,2,209.256,2021-08-28 00:00:00.000
SO49515,8,4,490,1,362,1,1229.4589,2021-08-28 00:00:00.000
SO49515,9,4,490,1,356,3,1242.8518,2021-08-28 00:00:00.000
SO49515,10,4,490,1,365,6,647.994,2021-08-28 00:00:00.000
SO49515,11,4,490,1,469,2,22.794,2021-08-28 00:00:00.000
SO49515,12,4,490,1,360,1,1229.4589,2021-08-28 00:00:00.000
SO49515,13,4,490,1,409,1,209.256,2021-08-28 00:00:00.000
SO49515,14,4,490,1,364,3,647.994,2021-08-28 00:00:00.000
SO49515,15,4,490,1,367,2,647.994,2021-08-28 00:00:00.000
SO49515,16,4,490,1,397,1,24.2945,2021-08-28 00:00:00.000
SO49515,17,4,490,1,420,6,141.615,2021-08-28 00:00:00.000
SO49515,18,4,490,1,399,4,33.7745,2021-08-28 00:00:00.000
SO49515,19,4,490,1,428,2,209.256,2021-08-28 00:00:00.000
SO49515,20,4,490,1,297,1,736.1455,2021-08-28 00:00:00.000
SO49515,21,4,490,1,393,1,137.694,2021-08-28 00:00:00.000
SO49515,22,4,490,1,308,1,744.2727,2021-08-28 00:00:00.000
SO49515,23,4,490,1,352,1,1242.8518,2021-08-28 00:00:00.000
SO49515,24,4,490,1,470,2,22.794,2021-08-28 00:00:00.000
SO49516,1,5,602,1,396,1,74.838,2021-08-28 00:00:00.000
SO49516,2,5,602,1,352,1,1242.8518,2021-08-28 00:00:00.000
SO49517,1,6,550,1,343,2,469.794,2021-08-28 00:00:00.000
SO49517,2,6,550,1,323,2,469.794,2021-08-28 00:00:00.000
SO49517,3,6,550,1,327,2,469.794,2021-08-28 00:00:00.000
SO49518,1,2,54,1,454,4,35.994,2021-08-28 00:00:00.000
SO49518,2,2,54,1,213,5,20.1865,2021-08-28 00:00:00.000
SO49518,3,2,54,1,461,1,53.994,2021-08-28 00:00:00.000
SO49518,4,2,54,1,383,1,600.2625,2021-08-28 00:00:00.000
SO49518,5,2,54,1,331,2,469.794,2021-08-28 00:00:00.000
SO49518,6,2,54,1,459,5,53.994,2021-08-28 00:00:00.000
SO49518,7,2,54,1,368,1,1466.01,2021-08-28 00:00:00.000
SO49518,8,2,54,1,389,4,600.2625,2021-08-28 00:00:00.000
SO49518,9,2,54,1,325,2,469.794,2021-08-28 00:00:00.000
SO49518,10,2,54,1,339,1,469.794,2021-08-28 00:00:00.000
SO49518,11,2,54,1,456,5,44.994,2021-08-28 00:00:00.000
SO49518,12,2,54,1,221,3,20.1865,2021-08-28 00:00:00.000
SO49518,13,2,54,1,447,3,15,2021-08-28 00:00:00.000
SO49518,14,2,54,1,433,4,324.4527,2021-08-28 00:00:00.000
SO49518,15,2,54,1,323,3,469.794,2021-08-28 00:00:00.000
SO49518,16,2,54,1,453,3,35.994,2021-08-28 00:00:00.000
SO49518,17,2,54,1,422,1,67.539,2021-08-28 00:00:00.000
SO49518,18,2,54,1,448,2,11.994,2021-08-28 00:00:00.000
SO49518,19,2,54,1,333,5,469.794,2021-08-28 00:00:00.000
SO49518,20,2,54,1,265,2,202.332,2021-08-28 00:00:00.000
SO49518,21,2,54,1,369,1,1466.01,2021-08-28 00:00:00.000
SO49518,22,2,54,1,335,2,469.794,2021-08-28 00:00:00.000
SO49518,23,2,54,1,224,5,5.1865,2021-08-28 00:00:00.000
SO49518,24,2,54,1,381,4,600.2625,2021-08-28 00:00:00.000
SO49518,25,2,54,1,236,5,28.8404,2021-08-28 00:00:00.000
SO49518,26,2,54,1,327,5,469.794,2021-08-28 00:00:00.000
SO49518,27,2,54,1,464,3,14.1289,2021-08-28 00:00:00.000
SO49518,28,2,54,1,343,2,469.794,2021-08-28 00:00:00.000
SO49518,29,2,54,1,329,6,469.794,2021-08-28 00:00:00.000
SO49518,30,2,54,1,462,1,14.1289,2021-08-28 00:00:00.000
SO49518,31,2,54,1,445,4,35.994,2021-08-28 00:00:00.000
SO49518,32,2,54,1,230,2,28.8404,2021-08-28 00:00:00.000
SO49518,33,2,54,1,373,3,1308.9375,2021-08-28 00:00:00.000
SO49518,34,2,54,1,458,3,44.994,2021-08-28 00:00:00.000
SO49518,35,2,54,1,460,4,53.994,2021-08-28 00:00:00.000
SO49518,36,2,54,1,271,2,202.332,2021-08-28 00:00:00.000
SO49518,37,2,54,1,216,7,20.1865,2021-08-28 00:00:00.000
SO49518,38,2,54,1,375,1,1308.9375,2021-08-28 00:00:00.000
SO49518,39,2,54,1,233,5,28.8404,2021-08-28 00:00:00.000
SO49518,40,2,54,1,417,1,324.4527,2021-08-28 00:00:00.000
SO49519,1,6,424,1,460,1,53.994,2021-08-28 00:00:00.000
SO49519,2,6,424,1,221,2,20.1865,2021-08-28 00:00:00.000
SO49520,1,5,98,1,358,2,1229.4589,2021-08-28 00:00:00.000
SO49520,2,5,98,1,468,3,22.794,2021-08-28 00:00:00.000
SO49520,3,5,98,1,470,2,22.794,2021-08-28 00:00:00.000
SO49520,4,5,98,1,469,1,22.794,2021-08-28 00:00:00.000
SO49521,1,10,502,1,305,1,736.1455,2021-08-28 00:00:00.000
SO49521,2,10,502,1,420,3,141.615,2021-08-28 00:00:00.000
SO49521,3,10,502,1,297,3,736.1455,2021-08-28 00:00:00.000
SO49521,4,10,502,1,294,2,744.2727,2021-08-28 00:00:00.000
SO49521,5,10,502,1,360,2,1229.4589,2021-08-28 00:00:00.000
SO49521,6,10,502,1,358,3,1229.4589,2021-08-28 00:00:00.000
SO49521,7,10,502,1,462,2,14.1289,2021-08-28 00:00:00.000
SO49521,8,10,502,1,421,2,196.329,2021-08-28 00:00:00.000
SO49521,9,10,502,1,409,1,209.256,2021-08-28 00:00:00.000
SO49521,10,10,502,1,364,3,647.994,2021-08-28 00:00:00.000
SO49521,11,10,502,1,410,5,36.447,2021-08-28 00:00:00.000
SO49521,12,10,502,1,397,7,24.2945,2021-08-28 00:00:00.000
SO49521,13,10,502,1,367,2,647.994,2021-08-28 00:00:00.000
SO49521,14,10,502,1,395,9,61.374,2021-08-28 00:00:00.000
SO49521,15,10,502,1,445,3,35.994,2021-08-28 00:00:00.000
SO49521,16,10,502,1,308,4,744.2727,2021-08-28 00:00:00.000
SO49521,17,10,502,1,470,4,22.794,2021-08-28 00:00:00.000
SO49521,18,10,502,1,356,2,1242.8518,2021-08-28 00:00:00.000
SO49521,19,10,502,1,354,1,1242.8518,2021-08-28 00:00:00.000
SO49521,20,10,502,1,366,1,647.994,2021-08-28 00:00:00.000
SO49521,21,10,502,1,396,2,74.838,2021-08-28 00:00:00.000
SO49521,22,10,502,1,399,8,33.7745,2021-08-28 00:00:00.000
SO49521,23,10,502,1,427,3,209.256,2021-08-28 00:00:00.000
SO49521,24,10,502,1,362,2,1229.4589,2021-08-28 00:00:00.000
SO49521,25,10,502,1,393,3,137.694,2021-08-28 00:00:00.000
SO49521,26,10,502,1,428,4,209.256,2021-08-28 00:00:00.000
SO49521,27,10,502,1,365,2,647.994,2021-08-28 00:00:00.000
SO49521,28,10,502,1,352,3,1242.8518,2021-08-28 00:00:00.000
SO49521,29,10,502,1,469,4,22.794,2021-08-28 00:00:00.000
SO49522,1,4,151,1,409,1,209.256,2021-08-28 00:00:00.000
SO49522,2,4,151,1,294,1,744.2727,2021-08-28 00:00:00.000
SO49522,3,4,151,1,364,1,647.994,2021-08-28 00:00:00.000
SO49523,1,4,130,1,448,5,11.994,2021-08-28 00:00:00.000
SO49523,2,4,130,1,323,3,469.794,2021-08-28 00:00:00.000
SO49523,3,4,130,1,224,5,5.1865,2021-08-28 00:00:00.000
SO49523,4,4,130,1,236,3,28.8404,2021-08-28 00:00:00.000
SO49523,5,4,130,1,456,6,44.994,2021-08-28 00:00:00.000
SO49523,6,4,130,1,273,1,202.332,2021-08-28 00:00:00.000
SO49523,7,4,130,1,389,1,600.2625,2021-08-28 00:00:00.000
SO49523,8,4,130,1,460,6,53.994,2021-08-28 00:00:00.000
SO49523,9,4,130,1,433,1,324.4527,2021-08-28 00:00:00.000
SO49523,10,4,130,1,343,6,469.794,2021-08-28 00:00:00.000
SO49523,11,4,130,1,333,2,469.794,2021-08-28 00:00:00.000
SO49523,12,4,130,1,458,5,44.994,2021-08-28 00:00:00.000
SO49523,13,4,130,1,368,2,1466.01,2021-08-28 00:00:00.000
SO49523,14,4,130,1,369,1,1466.01,2021-08-28 00:00:00.000
SO49523,15,4,130,1,464,2,14.1289,2021-08-28 00:00:00.000
SO49523,16,4,130,1,233,6,28.8404,2021-08-28 00:00:00.000
SO49523,17,4,130,1,445,1,35.994,2021-08-28 00:00:00.000
SO49523,18,4,130,1,459,2,53.994,2021-08-28 00:00:00.000
SO49523,19,4,130,1,453,4,35.994,2021-08-28 00:00:00.000
SO49523,20,4,130,1,435,1,324.4527,2021-08-28 00:00:00.000
SO49523,21,4,130,1,230,2,28.8404,2021-08-28 00:00:00.000
SO49523,22,4,130,1,327,2,469.794,2021-08-28 00:00:00.000
SO49523,23,4,130,1,335,2,469.794,2021-08-28 00:00:00.000
SO49523,24,4,130,1,447,8,15,2021-08-28 00:00:00.000
SO49523,25,4,130,1,383,1,600.2625,2021-08-28 00:00:00.000
SO49523,26,4,130,1,373,1,1308.9375,2021-08-28 00:00:00.000
SO49523,27,4,130,1,417,3,324.4527,2021-08-28 00:00:00.000
SO49523,28,4,130,1,213,2,20.1865,2021-08-28 00:00:00.000
SO49523,29,4,130,1,216,5,20.1865,2021-08-28 00:00:00.000
SO49523,30,4,130,1,286,4,183.9382,2021-08-28 00:00:00.000
SO49523,31,4,130,1,329,3,469.794,2021-08-28 00:00:00.000
SO49523,32,4,130,1,263,2,202.332,2021-08-28 00:00:00.000
SO49523,33,4,130,1,422,2,67.539,2021-08-28 00:00:00.000
SO49523,34,4,130,1,339,5,469.794,2021-08-28 00:00:00.000
SO49524,1,5,368,1,470,2,22.794,2021-08-28 00:00:00.000
SO49524,2,5,368,1,360,2,1229.4589,2021-08-28 00:00:00.000
SO49524,3,5,368,1,468,4,22.794,2021-08-28 00:00:00.000
SO49524,4,5,368,1,469,4,22.794,2021-08-28 00:00:00.000
SO49524,5,5,368,1,358,1,1229.4589,2021-08-28 00:00:00.000
SO49525,1,4,674,1,323,1,469.794,2021-08-28 00:00:00.000
SO49525,2,4,674,1,327,2,469.794,2021-08-28 00:00:00.000
SO49526,1,4,165,1,343,1,469.794,2021-08-28 00:00:00.000
SO49526,2,4,165,1,329,2,469.794,2021-08-28 00:00:00.000
SO49526,3,4,165,1,325,2,469.794,2021-08-28 00:00:00.000
SO49527,1,4,648,1,367,6,647.994,2021-08-28 00:00:00.000
SO49527,2,4,648,1,365,4,647.994,2021-08-28 00:00:00.000
SO49527,3,4,648,1,356,5,1242.8518,2021-08-28 00:00:00.000
SO49527,4,4,648,1,364,3,647.994,2021-08-28 00:00:00.000
SO49527,5,4,648,1,352,7,1242.8518,2021-08-28 00:00:00.000
SO49527,6,4,648,1,362,2,1229.4589,2021-08-28 00:00:00.000
SO49527,7,4,648,1,421,2,196.329,2021-08-28 00:00:00.000
SO49527,8,4,648,1,354,2,1242.8518,2021-08-28 00:00:00.000
SO49527,9,4,648,1,420,4,141.615,2021-08-28 00:00:00.000
SO49527,10,4,648,1,428,2,209.256,2021-08-28 00:00:00.000
SO49527,11,4,648,1,358,2,1229.4589,2021-08-28 00:00:00.000
SO49527,12,4,648,1,470,9,22.794,2021-08-28 00:00:00.000
SO49527,13,4,648,1,366,4,647.994,2021-08-28 00:00:00.000
SO49528,1,4,25,1,409,2,209.256,2021-08-28 00:00:00.000
SO49528,2,4,25,1,460,1,53.994,2021-08-28 00:00:00.000
SO49528,3,4,25,1,221,3,20.1865,2021-08-28 00:00:00.000
SO49528,4,4,25,1,458,3,44.994,2021-08-28 00:00:00.000
SO49528,5,4,25,1,456,3,44.994,2021-08-28 00:00:00.000
SO49529,1,3,39,1,415,1,198.036,2021-08-28 00:00:00.000
SO49529,2,3,39,1,254,1,183.9382,2021-08-28 00:00:00.000
SO49529,3,3,39,1,454,1,35.994,2021-08-28 00:00:00.000
SO49530,1,2,143,1,433,1,324.4527,2021-08-28 00:00:00.000
SO49530,2,2,143,1,375,1,1308.9375,2021-08-28 00:00:00.000
SO49531,1,2,126,1,325,2,469.794,2021-08-28 00:00:00.000
SO49531,2,2,126,1,323,3,469.794,2021-08-28 00:00:00.000
SO49531,3,2,126,1,333,1,469.794,2021-08-28 00:00:00.000
SO49531,4,2,126,1,343,3,469.794,2021-08-28 00:00:00.000
SO49532,1,4,61,1,352,2,1242.8518,2021-08-28 00:00:00.000
SO49532,2,4,61,1,456,4,44.994,2021-08-28 00:00:00.000
SO49532,3,4,61,1,360,1,1229.4589,2021-08-28 00:00:00.000
SO49532,4,4,61,1,458,6,44.994,2021-08-28 00:00:00.000
SO49532,5,4,61,1,224,2,5.1865,2021-08-28 00:00:00.000
SO49532,6,4,61,1,366,7,647.994,2021-08-28 00:00:00.000
SO49532,7,4,61,1,356,2,1242.8518,2021-08-28 00:00:00.000
SO49532,8,4,61,1,354,7,1242.8518,2021-08-28 00:00:00.000
SO49532,9,4,61,1,428,2,209.256,2021-08-28 00:00:00.000
SO49532,10,4,61,1,409,2,209.256,2021-08-28 00:00:00.000
SO49532,11,4,61,1,421,4,196.329,2021-08-28 00:00:00.000
SO49532,12,4,61,1,399,4,33.7745,2021-08-28 00:00:00.000
SO49532,13,4,61,1,367,8,647.994,2021-08-28 00:00:00.000
SO49532,14,4,61,1,358,6,1229.4589,2021-08-28 00:00:00.000
SO49532,15,4,61,1,469,9,22.794,2021-08-28 00:00:00.000
SO49532,16,4,61,1,364,6,647.994,2021-08-28 00:00:00.000
SO49532,17,4,61,1,233,2,28.8404,2021-08-28 00:00:00.000
SO49532,18,4,61,1,365,3,647.994,2021-08-28 00:00:00.000
SO49533,1,4,75,1,428,2,209.256,2021-08-28 00:00:00.000
SO49533,2,4,75,1,409,1,209.256,2021-08-28 00:00:00.000
SO49533,3,4,75,1,393,2,137.694,2021-08-28 00:00:00.000
SO49533,4,4,75,1,410,1,36.447,2021-08-28 00:00:00.000
SO49533,5,4,75,1,305,1,736.1455,2021-08-28 00:00:00.000
SO49533,6,4,75,1,456,4,44.994,2021-08-28 00:00:00.000
SO49533,7,4,75,1,216,8,20.1865,2021-08-28 00:00:00.000
SO49533,8,4,75,1,470,4,22.794,2021-08-28 00:00:00.000
SO49533,9,4,75,1,458,3,44.994,2021-08-28 00:00:00.000
SO49533,10,4,75,1,354,3,1242.8518,2021-08-28 00:00:00.000
SO49533,11,4,75,1,459,4,53.994,2021-08-28 00:00:00.000
SO49533,12,4,75,1,364,2,647.994,2021-08-28 00:00:00.000
SO49533,13,4,75,1,427,1,209.256,2021-08-28 00:00:00.000
SO49533,14,4,75,1,453,4,35.994,2021-08-28 00:00:00.000
SO49533,15,4,75,1,308,2,744.2727,2021-08-28 00:00:00.000
SO49533,16,4,75,1,358,2,1229.4589,2021-08-28 00:00:00.000
SO49533,17,4,75,1,352,5,1242.8518,2021-08-28 00:00:00.000
SO49533,18,4,75,1,447,4,15,2021-08-28 00:00:00.000
SO49533,19,4,75,1,460,5,53.994,2021-08-28 00:00:00.000
SO49533,20,4,75,1,221,3,20.1865,2021-08-28 00:00:00.000
SO49533,21,4,75,1,397,3,24.2945,2021-08-28 00:00:00.000
SO49533,22,4,75,1,469,1,22.794,2021-08-28 00:00:00.000
SO49533,23,4,75,1,236,3,28.8404,2021-08-28 00:00:00.000
SO49533,24,4,75,1,421,1,196.329,2021-08-28 00:00:00.000
SO49533,25,4,75,1,297,3,736.1455,2021-08-28 00:00:00.000
SO49533,26,4,75,1,395,6,61.374,2021-08-28 00:00:00.000
SO49533,27,4,75,1,294,2,744.2727,2021-08-28 00:00:00.000
SO49533,28,4,75,1,365,1,647.994,2021-08-28 00:00:00.000
SO49533,29,4,75,1,233,3,28.8404,2021-08-28 00:00:00.000
SO49533,30,4,75,1,448,3,11.994,2021-08-28 00:00:00.000
SO49533,31,4,75,1,356,2,1242.8518,2021-08-28 00:00:00.000
SO49533,32,4,75,1,399,1,33.7745,2021-08-28 00:00:00.000
SO49533,33,4,75,1,420,1,141.615,2021-08-28 00:00:00.000
SO49533,34,4,75,1,224,2,5.1865,2021-08-28 00:00:00.000
SO49533,35,4,75,1,464,5,14.1289,2021-08-28 00:00:00.000
SO49533,36,4,75,1,230,4,28.8404,2021-08-28 00:00:00.000
SO49534,1,4,5,1,329,1,469.794,2021-08-28 00:00:00.000
SO49534,2,4,5,1,327,3,469.794,2021-08-28 00:00:00.000
SO49534,3,4,5,1,343,4,469.794,2021-08-28 00:00:00.000
SO49534,4,4,5,1,333,5,469.794,2021-08-28 00:00:00.000
SO49534,5,4,5,1,325,2,469.794,2021-08-28 00:00:00.000
SO49535,1,4,330,1,273,1,202.332,2021-08-28 00:00:00.000
SO49536,1,2,690,1,415,2,198.036,2021-08-28 00:00:00.000
SO49537,1,3,238,1,343,1,469.794,2021-08-28 00:00:00.000
SO49538,1,4,3,1,213,3,20.1865,2021-08-28 00:00:00.000
SO49538,2,4,3,1,339,4,469.794,2021-08-28 00:00:00.000
SO49538,3,4,3,1,433,3,324.4527,2021-08-28 00:00:00.000
SO49538,4,4,3,1,327,8,469.794,2021-08-28 00:00:00.000
SO49538,5,4,3,1,323,6,469.794,2021-08-28 00:00:00.000
SO49538,6,4,3,1,335,1,469.794,2021-08-28 00:00:00.000
SO49538,7,4,3,1,331,5,469.794,2021-08-28 00:00:00.000
SO49538,8,4,3,1,329,2,469.794,2021-08-28 00:00:00.000
SO49538,9,4,3,1,271,2,202.332,2021-08-28 00:00:00.000
SO49538,10,4,3,1,236,4,28.8404,2021-08-28 00:00:00.000
SO49538,11,4,3,1,368,1,1466.01,2021-08-28 00:00:00.000
SO49538,12,4,3,1,460,2,53.994,2021-08-28 00:00:00.000
SO49538,13,4,3,1,459,5,53.994,2021-08-28 00:00:00.000
SO49538,14,4,3,1,216,4,20.1865,2021-08-28 00:00:00.000
SO49538,15,4,3,1,447,4,15,2021-08-28 00:00:00.000
SO49538,16,4,3,1,224,10,5.1865,2021-08-28 00:00:00.000
SO49538,17,4,3,1,383,1,600.2625,2021-08-28 00:00:00.000
SO49538,18,4,3,1,221,3,20.1865,2021-08-28 00:00:00.000
SO49538,19,4,3,1,333,2,469.794,2021-08-28 00:00:00.000
SO49538,20,4,3,1,343,2,469.794,2021-08-28 00:00:00.000
SO49538,21,4,3,1,456,3,44.994,2021-08-28 00:00:00.000
SO49538,22,4,3,1,458,3,44.994,2021-08-28 00:00:00.000
SO49538,23,4,3,1,448,2,11.994,2021-08-28 00:00:00.000
SO49538,24,4,3,1,445,3,35.994,2021-08-28 00:00:00.000
SO49538,25,4,3,1,233,4,28.8404,2021-08-28 00:00:00.000
SO49538,26,4,3,1,325,2,469.794,2021-08-28 00:00:00.000
SO49538,27,4,3,1,453,2,35.994,2021-08-28 00:00:00.000
SO49538,28,4,3,1,464,3,14.1289,2021-08-28 00:00:00.000
SO49538,29,4,3,1,373,1,1308.9375,2021-08-28 00:00:00.000
SO49538,30,4,3,1,230,6,28.8404,2021-08-28 00:00:00.000
SO49538,31,4,3,1,286,1,183.9382,2021-08-28 00:00:00.000
SO49538,32,4,3,1,381,2,600.2625,2021-08-28 00:00:00.000
SO49538,33,4,3,1,389,1,600.2625,2021-08-28 00:00:00.000
SO49539,1,1,20,1,469,3,22.794,2021-08-28 00:00:00.000
SO49539,2,1,20,1,352,1,1242.8518,2021-08-28 00:00:00.000
SO49539,3,1,20,1,358,1,1229.4589,2021-08-28 00:00:00.000
SO49539,4,1,20,1,360,1,1229.4589,2021-08-28 00:00:00.000
SO49539,5,1,20,1,468,1,22.794,2021-08-28 00:00:00.000
SO49540,1,4,21,1,421,1,196.329,2021-08-28 00:00:00.000
SO49540,2,4,21,1,360,2,1229.4589,2021-08-28 00:00:00.000
SO49540,3,4,21,1,395,2,61.374,2021-08-28 00:00:00.000
SO49540,4,4,21,1,352,1,1242.8518,2021-08-28 00:00:00.000
SO49540,5,4,21,1,409,1,209.256,2021-08-28 00:00:00.000
SO49540,6,4,21,1,365,1,647.994,2021-08-28 00:00:00.000
SO49540,7,4,21,1,462,2,14.1289,2021-08-28 00:00:00.000
SO49540,8,4,21,1,469,1,22.794,2021-08-28 00:00:00.000
SO49540,9,4,21,1,428,1,209.256,2021-08-28 00:00:00.000
SO49540,10,4,21,1,305,2,736.1455,2021-08-28 00:00:00.000
SO49540,11,4,21,1,308,3,744.2727,2021-08-28 00:00:00.000
SO49540,12,4,21,1,399,2,33.7745,2021-08-28 00:00:00.000
SO49540,13,4,21,1,297,1,736.1455,2021-08-28 00:00:00.000
SO49540,14,4,21,1,470,8,22.794,2021-08-28 00:00:00.000
SO49540,15,4,21,1,410,2,36.447,2021-08-28 00:00:00.000
SO49540,16,4,21,1,358,2,1229.4589,2021-08-28 00:00:00.000
SO49540,17,4,21,1,393,5,137.694,2021-08-28 00:00:00.000
SO49540,18,4,21,1,427,2,209.256,2021-08-28 00:00:00.000
SO49540,19,4,21,1,367,2,647.994,2021-08-28 00:00:00.000
SO49540,20,4,21,1,397,1,24.2945,2021-08-28 00:00:00.000
SO49540,21,4,21,1,420,3,141.615,2021-08-28 00:00:00.000
SO49540,22,4,21,1,354,1,1242.8518,2021-08-28 00:00:00.000
SO49540,23,4,21,1,364,1,647.994,2021-08-28 00:00:00.000
SO49540,24,4,21,1,396,2,74.838,2021-08-28 00:00:00.000
SO49541,1,4,608,1,469,4,22.794,2021-08-31 00:00:00.000
SO49541,2,4,608,1,354,2,1242.8518,2021-08-31 00:00:00.000
SO49541,3,4,608,1,420,3,141.615,2021-08-31 00:00:00.000
SO49541,4,4,608,1,356,2,1242.8518,2021-08-31 00:00:00.000
SO49541,5,4,608,1,352,3,1242.8518,2021-08-31 00:00:00.000
SO49541,6,4,608,1,470,6,22.794,2021-08-31 00:00:00.000
SO49541,7,4,608,1,362,1,1229.4589,2021-08-31 00:00:00.000
SO49541,8,4,608,1,397,5,24.2945,2021-08-31 00:00:00.000
SO49541,9,4,608,1,421,5,196.329,2021-08-31 00:00:00.000
SO49541,10,4,608,1,409,3,209.256,2021-08-31 00:00:00.000
SO49541,11,4,608,1,308,6,744.2727,2021-08-31 00:00:00.000
SO49541,12,4,608,1,365,2,647.994,2021-08-31 00:00:00.000
SO49541,13,4,608,1,294,2,744.2727,2021-08-31 00:00:00.000
SO49541,14,4,608,1,367,1,647.994,2021-08-31 00:00:00.000
SO49541,15,4,608,1,395,6,61.374,2021-08-31 00:00:00.000
SO49541,16,4,608,1,427,3,209.256,2021-08-31 00:00:00.000
SO49541,17,4,608,1,358,2,1229.4589,2021-08-31 00:00:00.000
SO49541,18,4,608,1,396,3,74.838,2021-08-31 00:00:00.000
SO49541,19,4,608,1,305,3,736.1455,2021-08-31 00:00:00.000
SO49541,20,4,608,1,366,2,647.994,2021-08-31 00:00:00.000
SO49541,21,4,608,1,297,3,736.1455,2021-08-31 00:00:00.000
SO49541,22,4,608,1,360,4,1229.4589,2021-08-31 00:00:00.000
SO49541,23,4,608,1,393,3,137.694,2021-08-31 00:00:00.000
SO49541,24,4,608,1,428,3,209.256,2021-08-31 00:00:00.000
SO49541,25,4,608,1,364,1,647.994,2021-08-31 00:00:00.000
SO49541,26,4,608,1,399,3,33.7745,2021-08-31 00:00:00.000
SO49541,27,4,608,1,410,8,36.447,2021-08-31 00:00:00.000
SO49542,1,3,695,1,468,3,22.794,2021-08-31 00:00:00.000
SO49542,2,3,695,1,358,2,1229.4589,2021-08-31 00:00:00.000
SO49543,1,1,542,1,428,1,209.256,2021-08-31 00:00:00.000
SO49544,1,1,488,1,409,1,209.256,2021-08-31 00:00:00.000
SO49544,2,1,488,1,421,1,196.329,2021-08-31 00:00:00.000
SO49545,1,2,636,1,433,1,324.4527,2021-08-31 00:00:00.000
SO49545,2,2,636,1,460,1,53.994,2021-08-31 00:00:00.000
SO49545,3,2,636,1,221,2,20.1865,2021-08-31 00:00:00.000
SO49546,1,10,665,1,470,4,22.794,2021-08-31 00:00:00.000
SO49546,2,10,665,1,469,1,22.794,2021-08-31 00:00:00.000
SO49547,1,2,576,1,356,2,1242.8518,2021-08-31 00:00:00.000
SO49548,1,1,235,1,329,1,469.794,2021-08-31 00:00:00.000
SO49548,2,1,235,1,325,2,469.794,2021-08-31 00:00:00.000
SO49548,3,1,235,1,327,4,469.794,2021-08-31 00:00:00.000
SO49548,4,1,235,1,323,5,469.794,2021-08-31 00:00:00.000
SO49548,5,1,235,1,333,1,469.794,2021-08-31 00:00:00.000
SO49548,6,1,235,1,343,1,469.794,2021-08-31 00:00:00.000
